name,description,injection,patient,effects,id,image,country,disease,price
Vắc xin Qdenga,"<p style=""text-align: justify;""><strong>Vắc xin Qdenga</strong> là chế phẩm sinh học đặc biệt có khả năng phòng <a href=""https://vnvc.vn/sot-xuat-huyet/"" target=""_blank"" rel=""noopener""><strong>bệnh sốt xuất huyết</strong></a> do virus Dengue gây ra, có khả năng bảo vệ chống lại cả 4 nhóm huyết thanh của virus dengue, bao gồm DEN-1, DEN-2, DEN-3 và DEN-4, được chỉ định tiêm cho người từ 4 tuổi trở lên với hiệu lực bảo vệ hơn 80% nguy cơ mắc bệnh do 4 tuýp virus Dengue và trên 90% nguy cơ nhập viện, mắc bệnh nặng và biến chứng nguy hiểm do bệnh sốt xuất huyết gây ra.</p>","<ul>
<li style=""text-align: justify;"">Sau khi hoàn nguyên hoàn toàn vắc xin đông khô với chất pha loãng (dung môi), Qdenga nên được tiêm dưới da, tốt nhất là ở cánh tay trên ở vùng cơ delta.</li>
<li style=""text-align: justify;"">Qdenga không được tiêm vào mạch, không được tiêm trong da hoặc tiêm bắp.</li>
<li style=""text-align: justify;"">Không nên trộn vắc xin trong cùng một ống tiêm với bất kỳ loại vắc xin hoặc sản phẩm thuốc tiêm nào khác.</li>
</ul>","<div class=""content_item_list""><p style=""text-align: justify;""><strong>Vắc xin Qdenga</strong> được chỉ định phòng ngừa bệnh sốt xuất huyết cho bất kỳ loại huyết thanh virus sốt xuất huyết nào gây ra ở những người từ 4 tuổi trở lên.</p>
</div>","<div class=""content_item_list""><p style=""text-align: justify;"">Giống như tất cả các loại vắc xin/thuốc khi được đưa vào cơ thể để chống lại virus/vi khuẩn, người được tiêm chủng có khả năng gặp phải các phản ứng sau tiêm tại chỗ hoặc toàn thân, thường nhẹ không đáng lo và sẽ nhanh khỏi như:</p>
<ul>
<li style=""text-align: justify;"">Triệu chứng tại chỗ tiêm: đau tại chỗ tiêm, đau cơ, ban đỏ</li>
<li style=""text-align: justify;"">Triệu chứng toàn thân: nhức đầu, khó chịu, suy nhược, sốt</li>
</ul>
<p style=""text-align: justify;"">Những tác dụng phụ này thường nhẹ, kéo dài từ 1 – 3 ngày và và ít gặp hơn sau mũi tiêm thứ hai.</p>
</div>",vac-xin-qdenga,https://vnvc.vn/wp-content/uploads/2024/09/vaccine-qdenga-1.jpg,Takeda (Nhật Bản),Sốt xuất huyết,1390000
Vắc xin Shingrix,"<p style=""text-align: justify;""><strong>Vắc xin Shingrix</strong> là sinh phẩm y tế được chỉ định để phòng bệnh <strong><a href=""https://vnvc.vn/benh-zona-than-kinh/"" target=""_blank"" rel=""noopener"">zona thần kinh</a></strong> (Herpes Zoster) hay còn gọi là <a href=""https://vnvc.vn/benh-gioi-leo/"" target=""_blank"" rel=""noopener""><strong>giời leo</strong></a> và các biến chứng liên quan đến Herpes Zoster, như đau dây thần kinh sau khi mắc zona (PHN). Vắc xin Shingrix được chỉ định sử dụng để tiêm ngừa cho người lớn từ 50 tuổi trở lên và người từ 18 tuổi trở lên có nguy cơ mắc zona thần kinh.</p>","<p style=""text-align: justify;"">Vắc xin Shingrix được chỉ định tiêm bắp, tốt nhất tại vùng cơ delta của cánh tay.</p>","<div class=""content_item_list""><ul>
<li style=""text-align: justify;""><span style=""font-weight: 400;"">Người lớn từ 50 tuổi trở lên;</span></li>
<li style=""text-align: justify;""><span style=""font-weight: 400;"">Người lớn từ 18 tuổi trở lên đang hoặc sẽ có hệ miễn dịch yếu do bệnh tật hoặc do điều trị… là những người có nguy cơ cao mắc Zona thần kinh.</span></li>
</ul>
</div>","<div class=""content_item_list""><p style=""text-align: justify;"">Giống như tất cả các loại vắc xin/thuốc khi được đưa vào cơ thể để chống lại virus/vi khuẩn, người được tiêm chủng có khả năng gặp phải các phản ứng sau tiêm tại chỗ hoặc toàn thân, thường nhẹ không đáng lo và sẽ nhanh khỏi như:</p>
<ul>
<li style=""text-align: justify;"">Phản ứng toàn thân: đau đầu, các triệu chứng tiêu hóa (buồn nôn, nôn, tiêu chảy và/hoặc đau bụng), đau cơ, khó chịu, mệt mỏi, ớn lạnh, sốt.</li>
<li style=""text-align: justify;"">Phản ứng tại chỗ: đau, sưng, đỏ vị trí tiêm.</li>
</ul>
<p style=""text-align: justify;"">Các phản ứng quá mẫn là hiếm gặp như phát ban, mề đay, phù mạch</p>
</div>",vac-xin-shingrix,https://vnvc.vn/wp-content/uploads/2023/11/vacxin-shingrix.jpg,GSK (Bỉ),Zona thần kinh,3890000
Vắc xin Pneumovax 23,"<p style=""text-align: justify;""><strong>Pneumovax 23</strong>, hay còn được biết đến với tên gọi vắc xin Polysaccharide phế cầu 23-valent, là vắc xin được chỉ định để ngăn ngừa các bệnh nhiễm trùng do vi khuẩn phế cầu (Streptococcus pneumoniae) gây ra như viêm phổi, viêm màng não, nhiễm khuẩn huyết (nhiễm trùng máu)…</p>","<ul>
<li style=""text-align: justify;"">Pneumovax 23 được tiêm dưới dạng dung dịch trong lọ đơn liều 0,5ml, qua đường tiêm bắp hoặc tiêm dưới da, thường là vào bắp tay (cơ delta) ở người lớn.</li>
<li style=""text-align: justify;"">Không được tiêm vào mạch máu và phải thận trọng để đảm bảo kim không đi vào mạch máu.</li>
<li style=""text-align: justify;"">Không được tiêm vắc xin trong da vì có liên quan đến tăng các phản ứng tại chỗ.</li>
</ul>","<div class=""content_item_list""><p style=""text-align: justify;""><strong>Vắc xin Pneumovax 23</strong> được khuyến cáo sử dụng cho trẻ em từ 2 tuổi trở lên, thanh thiếu niên và người lớn</p>
</div>","<div class=""content_item_list""><p style=""text-align: justify;"">Giống như tất cả các loại vắc xin/thuốc khi được đưa vào cơ thể để chống lại virus/vi khuẩn, người được tiêm chủng có khả năng gặp phải các phản ứng sau tiêm tại chỗ hoặc toàn thân, thường nhẹ không đáng lo và sẽ nhanh khỏi như:</p>
<ul>
<li style=""text-align: justify;"">Triệu chứng toàn thân: sốt, mệt mỏi, đau đầu…</li>
<li style=""text-align: justify;"">Triệu chứng tại chỗ: ban đỏ, chai cứng, đau sưng nhức tại vết tiêm</li>
</ul>
</div>",vac-xin-pneumovax-23,https://vnvc.vn/wp-content/uploads/2024/08/vaccine-pneumovax-23.jpg,MSD (Mỹ),"Viêm phổi, viêm màng não, nhiễm khuẩn huyết (nhiễm trùng máu)… do phế cầu khuẩn.",1450000
Vắc xin Bexsero,"<p style=""text-align: justify;"">Vắc xin Bexsero được chỉ định để chủng ngừa cho trẻ và người lớn từ 2 tháng tuổi đến 50 tuổi (chưa đến sinh nhật 51 tuổi) chống lại <a href=""https://vnvc.vn/viem-mang-nao-do-nao-mo-cau-nhom-b/"" target=""_blank"" rel=""noopener""><strong>bệnh não mô cầu xâm lấn do Neisseria meningitidis nhóm B</strong></a> gây ra với hiệu quả lên đến 95%.</p>","<ul style=""text-align: justify;"">
<li aria-level=""1"">Vắc xin Bexsero được dùng dưới dạng tiêm bắp sâu, nên ưu tiên tiêm ở mặt trước bên cơ đùi của nhũ nhi hoặc vùng cơ delta cánh tay trên ở những đối tượng lớn hơn.</li>
<li aria-level=""1"">Nếu phải tiêm đồng thời nhiều loại vắc xin khác thì phải tiêm ở nhiều vị trí riêng biệt.</li>
</ul>","<div class=""content_item_list""><p style=""text-align: justify;"">Trẻ em và người lớn từ 2 tháng tuổi đến 50 tuổi (chưa đến sinh nhật 51 tuổi).</p>
</div>",,vac-xin-bexsero,https://vnvc.vn/wp-content/uploads/2024/02/bexsero.jpg,GSK (Ý),Viêm màng não do Neisseria meningitidis nhóm B gây ra.,1750000
Vắc xin Prevenar 13,"<p style=""text-align: justify;""><span style=""font-weight: 400;""><strong>Vắc xin Prevenar 13</strong> là <a href=""https://vnvc.vn/vac-xin-phe-cau/"" target=""_blank"" rel=""noopener"">vắc xin phế cầu</a>, phòng các bệnh phế cầu khuẩn xâm lấn gây nguy hiểm cho trẻ em và người lớn như viêm phổi, viêm màng não, nhiễm khuẩn huyết (nhiễm trùng máu), viêm tai giữa cấp tính,… do 13 chủng phế cầu khuẩn Streptococcus Pneumoniae gây ra (type 1, 3, 4, 5, 6A, 6B, 7F, 9V, 14, 18C, 19A, 19F và 23F).&nbsp;</span></p>","<p style=""text-align: justify;""><span style=""font-weight: 400;"">Vắc xin Prevenar-13 được chỉ định tiêm bắp (vùng <a href=""https://www.kenhub.com/en/library/anatomy/the-deltoid-muscle"" target=""_blank"" rel=""nofollow noreferrer noopener"">cơ delta</a>) với liều 0.5ml</span></p>","<div class=""content_item_list""><p style=""text-align: justify;""><span style=""font-weight: 400;"">Vắc xin Prevenar-13 (Bỉ) được chỉ định cho trẻ từ 6 tuần tuổi trở lên và người lớn.</span></p>
<p style=""text-align: justify;""><b><i>* Lưu ý:&nbsp;</i></b><i> </i><em><strong>Khách hàng đã tiêm Pneumo23</strong></em></p>
<ul>
<li>Đối với Khách hàng có sức khỏe bình thường: khoảng cách tối thiểu giữa Prevenar-13 và Pneumo23 là 1 năm (không tiêm đồng thời, nên hoàn thành lịch tiêm vắc xin Prevenar 13 trước).</li>
<li>Đối với Khách hàng có bệnh lý hoặc có tình trạng suy giảm miễn dịch làm tăng nguy cơ mắc bệnh phế cầu xâm lấn cần tham khảo hướng dẫn của bác sĩ khám sàng lọc.</li>
</ul>
</div>","<div class=""content_item_list""><p style=""text-align: justify;""><span style=""font-weight: 400;"">Vắc xin Prevenar-13 có độ an toàn cao. Tuy nhiên, người được tiêm có thể gặp một số phản ứng nhẹ, kéo dài từ 1- 2 ngày:</span></p>
<ul>
<li style=""font-weight: 400; text-align: justify;"" aria-level=""1"">Tại chỗ tiêm: ban đỏ, chai cứng, sưng đau, tăng nhạy cảm tại chỗ tiêm.</li>
<li style=""font-weight: 400; text-align: justify;"" aria-level=""1"">Toàn thân: sốt, đau đầu, buồn ngủ, giảm cảm giác thèm ăn, nôn mửa, tiêu chảy.</li>
</ul>
</div>",prevenar-13-vac-xin-phong-benh-viem-phoi-viem-mang-nao-viem-tai-giua-nhiem-khuan-huyet-phe-cau-khuan,https://vnvc.vn/wp-content/uploads/2019/11/prevenar-13.jpg,Pfizer (Mỹ),"Viêm phổi, viêm màng não, viêm tai giữa cấp tính, nhiễm khuẩn huyết… do phế cầu khuẩn",1190000
Vắc xin Menactra,"<p style=""text-align: justify;""><span style=""font-weight: 400;"">Vắc xin Menactra được chỉ định để tạo miễn dịch chủ động cơ bản và nhắc lại phòng bệnh xâm lấn do N.meningitidis (vi khuẩn não mô cầu) các nhóm huyết thanh A, C, Y, W-135 gây ra, như: viêm màng não, nhiễm trùng huyết, viêm phổi…</span></p>","<p style=""text-align: justify;""><span style=""font-weight: 400;"">Menactra được chỉ định tiêm bắp, tốt nhất là ở mặt trước – ngoài của đùi hoặc vùng cơ delta tùy theo tuổi và khối cơ của đối tượng. Không được tiêm tĩnh mạch hoặc tiêm trong da &amp; dưới da đối với vắc xin Menactra.</span></p>","<div class=""content_item_list""><p style=""text-align: justify;""><span style=""font-weight: 400;"">Vắc xin Menactra (Mỹ) được chỉ định tiêm cho trẻ từ 9 tháng đến 55 tuổi (trước sinh nhật lần thứ 56) phòng bệnh <a href=""https://vnvc.vn/viem-mang-nao-mo-cau-acyw/"" target=""_blank"" rel=""noopener"">viêm màng não mô cầu ACYW</a> do các nhóm huyết thanh A,C,Y, W-135 gây ra.</span></p>
<p>⇒ Tìm hiểu thêm: <a href=""https://vnvc.vn/viem-nao-mo-cau-ac-tiem-cho-tre-may-tuoi/"" target=""_blank"" rel=""noopener""><strong>Viêm não mô cầu AC tiêm cho trẻ mấy tuổi</strong></a>? Tối thiểu mấy tháng tuổi?</p>
</div>","<div class=""content_item_list""><p style=""text-align: justify;""><span style=""font-weight: 400;"">Sau khi tiêm vắc xin phòng bệnh Menactra, trẻ thường gặp những phản ứng nhẹ, không kéo dài và không cần điều trị đặc biệt. Đó là sự đáp ứng miễn dịch của cơ thể. Cụ thể như sau:</span></p>
<ul style=""text-align: justify;"">
<li aria-level=""1"">Tại chỗ tiêm: đau, sưng, đỏ tại vị trí tiêm</li>
<li aria-level=""1"">Toàn thân: ngủ gà, cáu kỉnh, nhức đầu, mệt mỏi, tiêu chảy, chán ăn. Các triệu chứng thường nhẹ và thoáng qua.</li>
</ul>
<p style=""text-align: justify;""><span style=""font-weight: 400;"">Các phản ứng sau tiêm có thể gặp trong vòng 7 ngày sau tiêm chủng</span></p>
</div>",menactra-vac-xin-nao-mo-cau-nhom-acy-va-w-135-polysaccharide-cong-hop-giai-doc-bach-hau,https://vnvc.vn/wp-content/uploads/2020/02/vacxin-menactra-1.jpg,Sanofi (Mỹ),"viêm màng não, nhiễm khuẩn huyết và viêm phổi do não mô cầu khuẩn tuýp A,C,Y và W-135",1370000
Vắc xin Gardasil 9,"<p style=""text-align: justify;""><strong>Vắc xin thế hệ mới Gardasil 9</strong> được xem là vắc xin bình đẳng giới vì mở rộng cả đối tượng và phạm vi phòng bệnh rộng hơn ở nam và nữ giới, bảo vệ khỏi 9 tuýp virus HPV phổ biến 6, 11, 16, 18, 31, 33, 45, 52 và 58 gây bệnh ung thư cổ tử cung, ung thư âm hộ, ung thư âm đạo, ung thư hậu môn, ung thư hầu họng, mụn cóc sinh dục, các tổn thương tiền ung thư hoặc loạn sản…, với hiệu quả bảo vệ lên đến trên 90%.</p>","<ul>
<li style=""text-align: justify;"">Vắc xin Gardasil 9 được chỉ định tiêm bắp. Vị trí phù hợp là vùng cơ delta của phần trên cánh tay hoặc ở vùng trước phía trên đùi.</li>
<li style=""text-align: justify;"">Không được tiêm Gardasil 9 vào mạch máu, tiêm dưới da hoặc tiêm trong da.</li>
<li style=""text-align: justify;"">Không được trộn lẫn vắc xin trong cùng một ống tiêm với bất kỳ loại vắc xin và dung dịch nào khác.</li>
</ul>","<div class=""content_item_list""><p>Vắc xin Gardasil 9 được chỉ định tiêm chủng cho cả nam giới và nữ giới, từ 9 đến 45 tuổi.</p>
</div>","<div class=""content_item_list""><p style=""text-align: justify;""><strong>Vắc xin Gardasil 9</strong> có độ an toàn cao. Tuy nhiên, người được tiêm có thể gặp một số phản ứng nhẹ, kéo dài từ 1-2 ngày:</p>
<ul>
<li style=""text-align: justify;"">Phản ứng tại chỗ tiêm: Nổi ban đỏ, chai cứng, sưng đau, ngứa, tăng nhạy cảm tại chỗ tiêm.</li>
<li style=""text-align: justify;"">Các phản ứng toàn thân khác: Sốt nhẹ, đau đầu, buồn ngủ, giảm cảm giác thèm ăn, buồn nôn, nôn mửa, tiêu chảy.</li>
</ul>
</div>",vac-xin-gardasil-9,https://vnvc.vn/wp-content/uploads/2022/05/vacxin-gardasil-9.jpg,MSD (Mỹ),Ung thư cổ tử cung và sùi mào gà,2950000
Vắc xin Hexaxim,"<p style=""text-align: justify;""><span style=""font-weight: 400;"">Vắc xin Hexaxim là vắc xin kết hợp phòng được 6 loại bệnh trong 1 mũi tiêm, bao gồm: Ho gà, bạch hầu, uốn ván, bại liệt, viêm gan B và các bệnh viêm phổi, viêm màng não mủ do H.Influenzae týp B (Hib). Tích hợp trong duy nhất trong 1 vắc xin, 6 trong 1 Hexaxim giúp giảm số mũi tiêm, đồng nghĩa với việc hạn chế đau đớn cho bé khi phải tiêm quá nhiều.&nbsp;</span></p>","<ul style=""text-align: justify;"">
<li style=""font-weight: 400;"" aria-level=""1""><span style=""font-weight: 400;"">Hexaxim được chỉ định tiêm bắp. Vị trí tiêm là mặt trước – ngoài của phần trên đùi và vùng cơ delta ở trẻ 15 tháng tuổi trở lên.</span></li>
</ul>","<div class=""content_item_list""><p style=""text-align: justify;""><span style=""font-weight: 400;"">Vắc xin Hexaxim được chỉ định tiêm cho trẻ từ 6 tuần tuổi đến 2 tuổi phòng 6 bệnh: Bạch hầu, Ho gà, Uốn ván, Bại liệt, Viêm gan B và các bệnh do Hib. </span></p>
</div>","<div class=""content_item_list""><p style=""text-align: justify;""><span style=""font-weight: 400;"">Vắc xin Hexaxim có độ an toàn cao. Tuy nhiên, sau khi tiêm vắc xin 6 trong 1 Infanrix Hexa (Bỉ), trẻ có thể gặp những phản ứng nhẹ, không kéo dài và không cần điều trị đặc biệt, vì đó là đáp ứng miễn dịch của cơ thể. Cụ thể như:</span></p>
<ul style=""text-align: justify;"">
<li style=""font-weight: 400;"" aria-level=""1"">Tại chỗ tiêm: sưng đỏ, đau từ 1 – 3 ngày. Có thể nổi cục cứng, sau khoảng 1-3 tuần sẽ tự khỏi</li>
<li style=""font-weight: 400;"" aria-level=""1"">Toàn thân: Trẻ có thể sốt, quấy khóc, nôn, tiêu chảy, bú kém.</li>
</ul>
<p style=""text-align: justify;""><span style=""font-weight: 400;"">Sau khi tiêm các vắc xin chứa thành phần Haemophilus influenzae tuýp b, có thể phản ứng sưng phù chi dưới. Những phản ứng này khởi phát trong 24-72 giờ sau tiêm và tự khỏi trong 3-5 ngày.</span></p>
</div>",hexaxim-vac-xin-6-trong-1,https://vnvc.vn/wp-content/uploads/2018/06/vacxin-hexaxim.jpg,Sanofi (Pháp),"Ho gà, bạch hầu, uốn ván, viêm gan B, bại liệt và các bệnh do Hib",996000
Vắc xin BCG,"<p style=""text-align: justify;""><span style=""font-weight: 400;"">Vắc xin BCG phòng ngừa hiệu quả các hình thái lao nguy hiểm, trong đó có lao viêm màng não với độ bảo vệ lên tới 70%. Vắc xin được khuyến cáo cho trẻ sơ sinh và trẻ nhỏ, chỉ cần tiêm 1 liều duy nhất có thể bảo vệ trọn đời, không cần tiêm nhắc lại.</span></p>","<ul style=""text-align: justify;"">
<li style=""font-weight: 400;"" aria-level=""1""><span style=""font-weight: 400;"">Tiêm trong da chính xác, ở mặt ngoài phía trên cánh tay hoặc vai trái.</span></li>
<li style=""font-weight: 400;"" aria-level=""1""><span style=""font-weight: 400;"">Nhân viên y tế cần sử dụng bơm kim tiêm riêng để tiêm vắc xin BCG.</span></li>
</ul>","<div class=""content_item_list""><p style=""text-align: justify;""><span style=""font-weight: 400;"">Vắc xin Lao (BCG) được chỉ định tiêm cho trẻ có cân nặng từ 2.000 gram trở lên và tiêm càng sớm càng tốt trong 30 ngày sau khi sinh. </span></p>
</div>","<div class=""content_item_list""><p style=""text-align: justify;""><b><i>Sau khi tiêm Lao thì bé có sốt không?</i></b></p>
<p style=""text-align: justify;""><span style=""font-weight: 400;"">Sau khi tiêm vắc xin Lao, trẻ hay gặp những phản ứng nhẹ, không kéo dài và không cần điều trị đặc biệt. Đó là sự đáp ứng miễn dịch của cơ thể. Cụ thể như sau:</span></p>
<ul>
<li style=""font-weight: 400; text-align: justify;"" aria-level=""1""><span style=""font-weight: 400;"">Tại chỗ tiêm: đau, sưng, nóng.</span></li>
<li style=""font-weight: 400; text-align: justify;"" aria-level=""1""><span style=""font-weight: 400;"">Toàn thân: Trẻ sốt nhẹ, quấy khóc, bú kém, thường hết sau một vài ngày.</span></li>
<li style=""font-weight: 400; text-align: justify;"" aria-level=""1""><span style=""font-weight: 400;"">Thông thường sau khi tiêm BCG, trẻ có thể xuất hiện nốt nhỏ tại chỗ tiêm và biến mất sau 30 phút. Khoảng 2 tuần xuất hiện một vết loét đỏ có kích thước nhỏ, sau 2 tuần vết loét tự lành và để lại sẹo khoảng 5mm, điều này chứng tỏ trẻ đã có miễn dịch.</span></li>
<li style=""font-weight: 400; text-align: justify;"" aria-level=""1""><span style=""font-weight: 400;"">Nếu trong thời gian đó xuất hiện hạch cổ, hạch nách, hạch dưới xương đòn trái, nốt mủ quá to tại chỗ tiêm (đường kính trên 1cm) cần đến cơ sở y tế khám lại ngay.</span></li>
</ul>
</div>",bcg-vac-xin-phong-lao,https://vnvc.vn/wp-content/uploads/2017/04/vac-xin-bcg.jpg,IVAC (Việt Nam),Lao,155000
Vắc xin Gardasil 4,"<p style=""text-align: justify;""><span style=""font-weight: 400;"">Vắc xin Gardasil (Mỹ) phòng bệnh ung thư cổ tử cung, âm hộ, âm đạo, các tổn thương tiền ung thư và loạn sản, mụn cóc sinh dục, các bệnh lý do nhiễm virus HPV, được chỉ định dành cho trẻ em và phụ nữ trong độ tuổi từ 9-26 tuổi.</span></p>","<ul style=""text-align: justify;"">
<li style=""font-weight: 400;"" aria-level=""1""><span style=""font-weight: 400;"">Tiêm bắp với liều 0.5ml vào vùng cơ Delta vào phần trên cánh tay hoặc phần trước bên của phía trên đùi.</span></li>
<li style=""font-weight: 400;"" aria-level=""1""><span style=""font-weight: 400;"">Không được tiêm tĩnh mạch. Chưa có nghiên cứu về đường tiêm trong da hoặc dưới da nên không có khuyến cáo tiêm theo hai đường tiêm này</span></li>
</ul>","<div class=""content_item_list""><p style=""text-align: justify;""><span style=""font-weight: 400;"">Vắc xin Gardasil (Mỹ) phòng bệnh ung thư cổ tử cung, âm hộ, âm đạo, các tổn thương tiền ung thư và loạn sản, mụn cóc sinh dục và bệnh lý do nhiễm virus HPV, được chỉ định dành cho trẻ em gái và phụ nữ trong độ tuổi từ 9-26 tuổi.</span></p>
</div>","<div class=""content_item_list""><p style=""text-align: justify;""><span style=""font-weight: 400;"">Sau khi tiêm vắc xin phòng ung thư cổ tử cung do virus HPV, có thể có những phản ứng nhẹ, không kéo dài và không cần điều trị đặc biệt. Đó là sự đáp ứng miễn dịch của cơ thể. Cụ thể như sau:</span></p>
<ul>
<li style=""font-weight: 400; text-align: justify;"" aria-level=""1"">Tại chỗ tiêm: có thể ban đỏ, sưng, đau, ngứa</li>
</ul>
</div>",gardasil-vac-xin-phong-ung-thu-co-tu-cung,https://vnvc.vn/wp-content/uploads/2017/04/vac-xin-gardasil.jpg,,,
Vắc xin Synflorix,"<p style=""text-align: justify;""><span style=""font-weight: 400;"">Vắc xin Synflorix phòng tránh 10 chủng vi khuẩn phế cầu (</span><span style=""font-weight: 400;"">Streptococcus pneumoniae) </span><span style=""font-weight: 400;"">gây các bệnh như: Hội chứng nhiễm trùng, viêm màng não, viêm phổi, nhiễm khuẩn huyết và viêm tai giữa cấp,…</span></p>","<p style=""text-align: justify;""><span style=""font-weight: 400;"">Vắc xin Synflorix tiêm bắp ở mặt trước – bên đùi của trẻ nhỏ và tiêm ở cơ delta cánh tay của trẻ lớn. Không được tiêm tĩnh mạch hoặc tiêm trong da đối với vắc xin Synflorix.</span></p>","<div class=""content_item_list""><p style=""text-align: justify;""><span style=""font-weight: 400;"">Vắc xin Synflorix (Bỉ) phòng bệnh do phế cầu như viêm phổi, viêm màng não, viêm tai giữa, nhiễm khuẩn huyết được chỉ định cho trẻ từ 6 tuần tuổi trở lên và trước sinh nhật lần thứ 6.</span></p>
</div>","<div class=""content_item_list""><p style=""text-align: justify;""><b>Sau khi tiêm Synflorix (Bỉ) người tiêm hay gặp phản ứng gì?</b></p>
<p style=""text-align: justify;""><span style=""font-weight: 400;"">Vắc xin Synflorix có độ an toàn cao. Sau khi tiêm vắc xin phòng bệnh do phế cầu, trẻ hay gặp những phản ứng nhẹ, không kéo dài và không cần điều trị đặc biệt. Đó là sự đáp ứng miễn dịch của cơ thể. Cụ thể như:</span></p>
<ul>
<li style=""font-weight: 400; text-align: justify;"" aria-level=""1""><span style=""font-weight: 400;"">Tại chỗ tiêm: sưng, đau, đỏ.</span></li>
<li style=""font-weight: 400; text-align: justify;"" aria-level=""1""><span style=""font-weight: 400;"">Toàn thân: trẻ có thể sốt trên 38 độ C, ăn uống kém, bị kích thích, quấy khóc.</span></li>
</ul>
</div>",synflorix-vac-xin-phong-viem-nao-viem-phoi-nhiem-khuan-huyet-viem-tai-giua-h-influenzae-khong-dinh-tuyp,https://vnvc.vn/wp-content/uploads/2017/04/Synflorix-1.jpg,GSK (Bỉ),Bệnh do phế cầu khuẩn,1024000
Vắc xin Boostrix,"<p style=""text-align: justify;""><span style=""font-weight: 400;"">Vắc xin Boostrix (Bỉ) tạo đáp ứng kháng thể chống 3 bệnh ho gà – bạch hầu – uốn ván.</span></p>","<p style=""text-align: justify;""><span style=""font-weight: 400;"">Vắc xin Boostrix được chỉ định tiêm bắp với liều 0.5ml. Không được tiêm dưới da hoặc tĩnh mạch. Ở trẻ lớn và người lớn, thường tiêm vào cơ delta còn trẻ nhỏ thường vào mặt trước – bên đùi.</span></p>","<div class=""content_item_list""><p style=""text-align: justify;""><span style=""font-weight: 400;"">Vắc xin Boostrix phòng ho gà – bạch hầu – uốn ván được chỉ định cho trẻ từ 4 tuổi trở lên và người lớn.</span></p>
</div>","<div class=""content_item_list""><p style=""text-align: justify;""><b><i>Sau tiêm vắc xin 3 trong 1 Boostrix có biểu hiện sốt không?</i></b></p>
<p style=""text-align: justify;""><span style=""font-weight: 400;"">Sau khi tiêm vắc xin Boostrix, người tiêm hay gặp những phản ứng nhẹ, không kéo dài và không cần điều trị đặc biệt. Đó là sự đáp ứng miễn dịch của cơ thể. Cụ thể như sau:</span></p>
<ul>
<li style=""font-weight: 400; text-align: justify;"" aria-level=""1""><span style=""font-weight: 400;"">Trẻ em 4-9 tuổi: Chán ăn, ngủ gà gật, nhạy chỗ tiêm (đau, nổi ban đỏ hoặc sưng nhẹ – những triệu chứng này thường biến mất sau 72 giờ) và cáu kỉnh, nôn, tiêu chảy, rối loạn tiêu hóa; sốt ≥37.5<sup>o</sup>C.</span></li>
<li style=""font-weight: 400; text-align: justify;"" aria-level=""1""><span style=""font-weight: 400;"">Người lớn, thanh thiếu niên và trẻ em ≥10 tuổi: Đau đầu, nhạy chỗ tiêm (đau, nổi ban đỏ hoặc sưng nhẹ – những triệu chứng này thường biến mất sau 72 giờ), mệt mỏi, khó chịu chóng mặt; buồn nôn, rối loạn tiêu hóa; sốt ≥37.5°C.</span></li>
</ul>
</div>",boostrix,https://vnvc.vn/wp-content/uploads/2020/02/vac-xin-boostrix.jpg,GSK (Bỉ),"Bạch hầu, ho gà, uốn ván",795000
Vắc xin Adacel,"<p style=""text-align: justify;""><span style=""font-weight: 400;"">Vắc xin Adacel tạo miễn dịch </span><span style=""font-weight: 400;"">chủ động nhắc lại nhằm phòng bệnh ho gà – bạch hầu – uốn ván.</span></p>","<p style=""text-align: justify;""><span style=""font-weight: 400;"">Tiêm bắp.&nbsp;</span></p>","<div class=""content_item_list""><p><span style=""font-weight: 400;"">Vắc xin Adacel được chỉ định cho trẻ từ 4 tuổi trở lên và người lớn đến 64 tuổi.</span></p>
</div>","<div class=""content_item_list""><p><strong><i>Sau tiêm vắc xin 3 trong 1 Adacel có biểu hiện sốt không?</i></strong></p>
<p><span style=""font-weight: 400;"">Sau khi tiêm 3 trong 1, người tiêm hay gặp những phản ứng nhẹ, không kéo dài và không cần điều trị đặc biệt. Đó là sự đáp ứng miễn dịch của cơ thể, cụ thể như sau:</span></p>
<ul>
<li>Tại chỗ tiêm: đau, sưng, đỏ</li>
<li>Toàn thân: sốt, mệt mỏi, đau đầu, rối loạn tiêu hóa</li>
</ul>
</div>",vac-xin-adacel,https://vnvc.vn/wp-content/uploads/2021/02/Adacel.jpg,Sanofi (Canada),"Bạch hầu, ho gà, uốn ván",775000
"Vắc xin Uốn ván, bạch hầu hấp phụ","<p style=""text-align: justify;""><span style=""font-weight: 400;"">Vắc xin uốn ván – bạch hầu hấp phụ (Td) được chỉ định cho trẻ em lứa tuổi lớn (từ 7 tuổi trở lên) và người lớn nhằm gây miễn dịch, phòng các bệnh uốn ván và bạch hầu.</span></p>","<ul style=""text-align: justify;"">
<li style=""font-weight: 400;"" aria-level=""1""><span style=""font-weight: 400;"">Vắc xin uốn ván – bạch hầu hấp phụ (Td) được chỉ định tiêm bắp sâu. Không được tiêm dưới da hoặc tĩnh mạch.</span></li>
<li style=""font-weight: 400;"" aria-level=""1""><span style=""font-weight: 400;"">Lắc tan đều trước khi dùng.</span></li>
<li style=""font-weight: 400;"" aria-level=""1""><span style=""font-weight: 400;"">Liều tiêm 0,5 ml.</span></li>
</ul>","<div class=""content_item_list""><ul>
<li style=""font-weight: 400; text-align: justify;"" aria-level=""1""><span style=""font-weight: 400;"">Được chỉ định chủng ngừa cho người từ 7 tuổi trở lên tạo đáp ứng kháng thể chống 2 bệnh bạch hầu và uốn ván.</span></li>
<li style=""font-weight: 400; text-align: justify;"" aria-level=""1""><span style=""font-weight: 400;"">Không chống chỉ định cho phụ nữ có thai và đang cho con bú. Cân nhắc sử dụng theo chỉ định của bác sĩ.</span></li>
</ul>
</div>","<div class=""content_item_list""><p style=""text-align: justify;""><span style=""font-weight: 400;"">Sau khi tiêm vắc xin uốn ván – bạch hầu hấp phụ (Td) có thể gặp những phản ứng nhẹ, không kéo dài và không cần điều trị đặc biệt. Đó là sự đáp ứng miễn dịch của cơ thể, cụ thể như sau:</span></p>
<ul>
<li style=""text-align: justify;""><span style=""font-weight: 400;""> Tại chỗ tiêm: đau, sưng, quầng đỏ.</span></li>
<li style=""text-align: justify;""><span style=""font-weight: 400;""> Toàn thân: sốt nhẹ, mệt mỏi, khó chịu, đau đầu.</span></li>
</ul>
</div>",vac-xin-uon-van-bach-hau-hap-phu-td-viet-nam,https://vnvc.vn/wp-content/uploads/2020/07/vac-xin-uon-van-bach-hau-hap-phu-td.jpg,IVAC (Việt Nam),Uốn ván - Bạch hầu,205000
Vắc xin uốn ván hấp phụ,"<p><span style=""font-weight: 400;"">Vắc xin uốn ván hấp phụ (TT) giúp tạo miễn dịch chủ động phòng bệnh uốn ván cho người lớn và trẻ em.&nbsp;</span></p>","<ul>
<li style=""font-weight: 400;"" aria-level=""1""><span style=""font-weight: 400;"">Vắc xin uốn ván hấp phụ (TT) được chỉ định tiêm bắp sâu, liều tiêm 0,5ml.</span></li>
<li style=""font-weight: 400;"" aria-level=""1""><span style=""font-weight: 400;"">Không tiêm tĩnh mạch trong bất cứ trường hợp nào.</span></li>
<li style=""font-weight: 400;"" aria-level=""1""><span style=""font-weight: 400;"">Lắc tan đều trước khi tiêm.</span></li>
</ul>","<div class=""content_item_list""><p><span style=""font-weight: 400;"">Chỉ định phòng bệnh Uốn ván cho người lớn và trẻ em. Đặc biệt là các đối tượng có nguy cơ cao như:</span></p>
<ul>
<li style=""font-weight: 400;"" aria-level=""1""><span style=""font-weight: 400;"">Phụ nữ có thai.</span></li>
<li style=""font-weight: 400;"" aria-level=""1""><span style=""font-weight: 400;"">Công nhân vệ sinh môi trường, cống rãnh, nước thải.</span></li>
<li style=""font-weight: 400;"" aria-level=""1""><span style=""font-weight: 400;"">Người thường xuyên làm việc tại chuồng trại chăn nuôi gia súc, gia cầm.</span></li>
<li style=""font-weight: 400;"" aria-level=""1""><span style=""font-weight: 400;"">Người làm vườn, người làm việc ở các trang trại, nông trường.</span></li>
<li style=""font-weight: 400;"" aria-level=""1""><span style=""font-weight: 400;"">Công nhân xây dựng các công trình.</span></li>
<li style=""font-weight: 400;"" aria-level=""1""><span style=""font-weight: 400;"">Bộ đội và thanh niên xung phong.</span></li>
</ul>
</div>","<div class=""content_item_list""><p><span style=""font-weight: 400;"">Sau khi tiêm vắc xin phòng uốn ván hấp phụ (TT), người tiêm hay gặp những phản ứng nhẹ, không kéo dài và không cần điều trị đặc biệt. Đó là sự đáp ứng miễn dịch của cơ thể, cụ thể như sau:</span></p>
<ul>
<li><span style=""font-weight: 400;""> Tại chỗ tiêm: đau, quầng đỏ, nốt cứng hay sưng xuất hiện trong vòng 48 giờ sau khi tiêm và kéo dài trong 1-2 ngày. Tuy nhiên các triệu chứng này thường nhẹ và tự mất đi.</span></li>
<li><span style=""font-weight: 400;""> Toàn thân: sốt, đau đầu, đổ mồ hôi, ớn lạnh, đau cơ, đau khớp.</span></li>
</ul>
</div>",vac-xin-vat,https://vnvc.vn/wp-content/uploads/2021/02/vac-xin-uon-van-hap-phu-tt.jpg,IVAC (Việt Nam),Uốn ván - Bạch hầu,205000
Vắc xin Sởi – Rubella MRVAC,"<p style=""text-align: justify;""><strong>Vắc xin MRVAC</strong> là chế phẩm sinh học có chứa kháng nguyên của virus sởi và rubella đã được giảm độc lực, không còn khả năng gây bệnh nhưng vẫn đảm bảo khả năng kích thích hệ thống miễn dịch sản sinh kháng thể đặc hiệu, chủ động chống lại sự tấn công và xâm nhập của virus sởi và rubella. Nhờ đó, bảo vệ người được tiêm khỏi nguy cơ mắc bệnh sởi và rubella.</p>","<ul style=""text-align: justify;"">
<li>MRVAC được chỉ định tiêm dưới da;</li>
<li>Không được tiêm tĩnh mạch</li>
</ul>","<div class=""content_item_list""><p>Vắc xin MRVAC được khuyến cáo chủng ngừa cho trẻ em từ 12 tháng tuổi trở lên, thanh thiếu niên và người lớn</p>
</div>","<div class=""content_item_list""><p style=""text-align: justify;"">Tác dụng không mong muốn thường gặp nhất có thể là:</p>
<ul style=""text-align: justify;"">
<li aria-level=""1"">Phản ứng tại chỗ: sưng, đau, ban đỏ tại chỗ tiêm</li>
<li aria-level=""1"">Phản ứng toàn thân: sốt nhẹ, ho, sổ mũi hoặc phát ban nhẹ</li>
</ul>
<p style=""text-align: justify;"">Các phản ứng thông thường này diễn biến ở mức độ nhẹ, nhanh chóng thuyên giảm và sẽ hết sau khi tiêm 1 – 3 ngày mà không cần điều trị.</p>
</div>",vac-xin-mrvac,https://vnvc.vn/wp-content/uploads/2024/09/vac-xin-mrvac.jpg,,,
Vắc xin Abhayrab,"<p style=""text-align: justify;""><span style=""font-weight: 400;"">Vắc xin Abhayrab </span><span style=""font-weight: 400;"">có tác dụng tạo miễn dịch chủ động phòng bệnh dại cho cả người lớn và trẻ em, sau khi tiếp xúc hoặc bị con vật nghi bị dại cắn.</span></p>","<ul style=""text-align: justify;"">
<li style=""font-weight: 400;"" aria-level=""1""><span style=""font-weight: 400;"">Tiêm bắp (IM): người lớn tiêm ở vùng cơ Delta cánh tay, trẻ em tiêm ở mặt trước bên đùi. Không tiêm vào vùng mông.</span></li>
<li style=""font-weight: 400;"" aria-level=""1""><span style=""font-weight: 400;"">Trong một số trường hợp có thể áp dụng tiêm trong da (ID), tiêm ở cẳng tay hoặc cánh tay.</span></li>
</ul>","<div class=""content_item_list""><p><span style=""font-weight: 400;"">Vắc xin Abhayrab phòng bệnh dại được chỉ định tiêm cho&nbsp;</span><span style=""font-weight: 400;"">trẻ em và người lớn ở mọi lứa tuổi.</span></p>
</div>","<div class=""content_item_list""><p><span style=""font-weight: 400;"">Vắc xin Abhayrab có độ an toàn cao. Tuy nhiên, người được tiêm có thể gặp một số phản ứng nhẹ, kéo dài từ 1- 2 ngày:</span></p>
<ul>
<li style=""font-weight: 400;"" aria-level=""1""><span style=""font-weight: 400;"">Tại chỗ tiêm: đau, quầng đỏ, sưng, ngứa và nốt cứng</span></li>
<li style=""font-weight: 400;"" aria-level=""1""><span style=""font-weight: 400;"">Toàn thân: sốt, đau đầu, chóng mặt, mệt mỏi.</span></li>
</ul>
<p><b>Lưu ý:</b><span style=""font-weight: 400;""> Khi có phơi nhiễm (bị súc vật liếm, cào, cắn…) phải sơ cứu và rửa sạch vết thương với thật nhiều nước và xà phòng. Sau đó rửa lại thật kỹ bằng nước sạch. Tiếp tục rửa vết thương bằng cồn Iod. Đưa bệnh nhân tới trung tâm tiêm chủng. Tùy vào mức độ của tiếp xúc mà bác sĩ tiêm ngừa có thể chỉ định tiêm thêm globulin miễn dịch.</span></p>
<p><span style=""font-weight: 400;"">Nên tiêm thêm vắc xin uốn ván ở tất cả các trường hợp có phơi nhiễm.</span></p>
</div>",vac-xin-abhayrab,https://vnvc.vn/wp-content/uploads/2021/02/vac-xin-abhayrab-1.jpg,Human Biologicals Institute (Ấn Độ),Dại,345000
Vắc xin Verorab,"<p style=""text-align: justify;""><span style=""font-weight: 400;"">Vắc xin Verorab có tác dụng tạo miễn dịch chủ động phòng bệnh dại cho cả người lớn và trẻ em, sau khi tiếp xúc hoặc bị con vật nghi bị dại cắn.</span></p>","<ul style=""text-align: justify;"">
<li style=""font-weight: 400; text-align: justify;"" aria-level=""1""><span style=""font-weight: 400;"">Tiêm bắp: với liều 0.5ml vắc xin đã hoàn nguyên, ở người lớn vào vùng cơ Delta ở cánh tay, trẻ nhỏ tiêm ở mặt trước – bên đùi. Không tiêm ở vùng mông.</span></li>
<li style=""font-weight: 400; text-align: justify;"" aria-level=""1""><span style=""font-weight: 400;"">Tiêm trong da: với liều 0.1ml vắc xin đã hoàn nguyên (bằng 1/5 liều tiêm bắp).</span></li>
</ul>","<div class=""content_item_list""><p style=""text-align: justify;""><span style=""font-weight: 400;"">Vắc xin Verorab (Pháp) phòng bệnh dại được chỉ định tiêm cho&nbsp;trẻ em và người lớn ở mọi lứa tuổi.</span></p>
</div>","<div class=""content_item_list""><p><strong><i>Tiêm vắc xin dại về có sốt hay có triệu chứng gì không?</i></strong></p>
<p style=""text-align: justify;""><span style=""font-weight: 400;"">Sau khi tiêm vắc xin phòng vắc xin dại, người tiêm hay gặp những phản ứng nhẹ, không kéo dài và không cần điều trị đặc biệt. Đó là sự đáp ứng miễn dịch của cơ thể, cụ thể như sau:</span></p>
<ul>
<li style=""text-align: justify;""><span style=""font-weight: 400;""> Tại chỗ tiêm: đau, quầng đỏ, sưng, ngứa và nốt cứng.</span></li>
<li style=""text-align: justify;""><span style=""font-weight: 400;""> Toàn thân: sốt, đau đầu, chóng mặt, mệt mỏi.</span></li>
</ul>
<p style=""text-align: justify;""><span style=""font-weight: 400;"">Lưu ý: Khi có phơi nhiễm (bị súc vật liếm, cào, cắn,…) phải sơ cứu và rửa sạch vết thương với thật nhiều nước và xà phòng. Sau đó rửa lại thật kỹ bằng nước sạch. Tiếp tục rửa vết thương bằng cồn Iod. Đưa nạn nhân tới trung tâm tiêm chủng. Tùy vào mức độ của tiếp xúc mà bác sĩ có thể chỉ định tiêm thêm globulin miễn dịch.</span></p>
<p style=""text-align: justify;""><span style=""font-weight: 400;"">Nên tiêm thêm vắc xin uốn ván ở tất cả các trường hợp có phơi nhiễm.</span></p>
</div>",verorab-vac-xin-phong-dai,https://vnvc.vn/wp-content/uploads/2017/04/vac-xin-verorab-1.jpg,Sanofi (Pháp),Dại,370000
Vắc xin Vaxigrip Tetra,"<p style=""text-align: justify;""><span style=""font-weight: 400;"">Vắc xin cúm Tứ giá Vaxigrip Tetra phòng được 4 chủng tuýp virus cúm gồm: 2 chủng cúm A (H1N1, H3N2) và 2 chủng cúm B (Yamagata, Victoria).</span></p>","<p style=""text-align: justify;""><span style=""font-weight: 400;"">Tiêm bắp hoặc tiêm dưới da.</span></p>","<div class=""content_item_list""><p style=""text-align: justify;""><span style=""font-weight: 400;"">Vắc xin Vaxigrip Tetra 0.5ml của Pháp phòng cúm mùa, được chỉ định cho trẻ từ 6 tháng tuổi trở lên và người lớn.</span></p>
</div>","<div class=""content_item_list""><p style=""text-align: justify;""><span style=""font-weight: 400;"">Vắc xin Vaxigrip là vắc xin có độ an toàn cao. Sau khi tiêm vắc xin cúm, người được tiêm thường gặp những phản ứng nhẹ, không kéo dài và không cần điều trị đặc biệt. Đó là sự đáp ứng miễn dịch của cơ thể. Cụ thể như sau:</span></p>
<ul>
<li style=""font-weight: 400; text-align: justify;"" aria-level=""1"">Tại chỗ tiêm: đau, đỏ, sưng</li>
<li style=""font-weight: 400; text-align: justify;"" aria-level=""1"">Toàn thân: sốt,mệt mỏi, đau đầu</li>
</ul>
</div>",vaxigrip-tetra,https://vnvc.vn/wp-content/uploads/2021/07/vaccine-vaxigrip-tetra.jpg,Sanofi (Pháp),Cúm,356000
Vắc xin Varilrix,"<p style=""text-align: justify;""><span style=""font-weight: 400;"">Vắc xin Varilrix (Bỉ) là vắc xin sống giảm độc lực phòng bệnh thủy đậu do virus </span><span style=""font-weight: 400;"">Varicella Zoster cho trẻ </span><span style=""font-weight: 400;"">từ 9 tháng tuổi và người lớn chưa có miễn dịch.</span></p>","<p style=""text-align: justify;""><span style=""font-weight: 400;"">Vắc xin Varilrix được chỉ định tiêm dưới da ở vùng cơ delta hoặc vùng má ngoài đùi với liều 0.5ml.</span></p>","<div class=""content_item_list""><p style=""text-align: justify;""><span style=""font-weight: 400;"">Vắc xin Varilrix được chỉ định cho trẻ em từ 9 tháng tuổi và người lớn chưa có miễn dịch phòng bệnh thủy đậu</span><span style=""font-weight: 400;"">.&nbsp;</span></p>
</div>","<div class=""content_item_list""><ul>
<li style=""text-align: justify;"" aria-level=""1""><b><i>Sau khi tiêm vắc xin thủy đậu về bé có sốt không?</i></b></li>
</ul>
<p style=""text-align: justify;""><span style=""font-weight: 400;"">Vắc xin Varilrix là vắc xin có độ an toàn cao. Tuy nhiên, sau khi tiêm vắc xin phòng thủy đậu, người được tiêm hay gặp những phản ứng nhẹ, không kéo dài và không cần điều trị đặc biệt. Đó là sự đáp ứng miễn dịch của cơ thể. Cụ thể:</span></p>
<ul style=""text-align: justify;"">
<li style=""font-weight: 400;"" aria-level=""1""><span style=""font-weight: 400;"">Tại chỗ tiêm: phát ban dạng thủy đậu, đau, đỏ, sưng,..</span></li>
<li style=""font-weight: 400;"" aria-level=""1""><span style=""font-weight: 400;"">Toàn thân: sốt.</span></li>
</ul>
<p style=""text-align: justify;""><b>Lưu ý:</b><span style=""font-weight: 400;""> Cần tránh dùng chế phẩm chứa Salicylate (Aspirin hoặc các chế phẩm bôi, dán giảm đau) trong ít nhất 6 tuần sau khi tiêm.</span></p>
</div>",varilrix-vac-xin-phong-benh-thuy-dau,https://vnvc.vn/wp-content/uploads/2021/01/vac-xin-varilrix.jpg,GSK (Bỉ),Thủy đậu,1085000
Vắc xin Jeev,"<p style=""text-align: justify;""><span style=""font-weight: 400;"">Vắc xin JEEV là loại vắc xin tinh khiết, bất hoạt qua nuôi cấy từ tế bào Vero, giúp cơ thể tạo ra miễn dịch chủ động nhằm dự phòng <a href=""https://vnvc.vn/viem-nao-nhat-ban-nguyen-nhan-trieu-chung-dieu-tri-phong-ngua/"" target=""_blank"" rel=""noopener""><strong>bệnh viêm não Nhật Bản</strong></a>.</span></p>",,"<div class=""content_item_list""><p style=""text-align: justify;""><span style=""font-weight: 400;"">Vắc xin JEEV được chỉ định tiêm chủng cho trẻ em từ tròn 12 tháng tuổi đến người lớn ≤ 49 tuổi.</span></p>
</div>","<div class=""content_item_list""><p style=""text-align: justify;""><span style=""font-weight: 400;"">Vắc xin JEEV có độ an toàn cao. Tuy nhiên, trong một số thử nghiệm lâm sàng có kiểm soát, đánh giá tính an toàn của vắc xin JEEV, các đối tượng được tiêm có thể xuất hiện ít nhất một phản ứng bất lợi. Các phản ứng này thường xảy ra trong khoảng 3 ngày đầu tính từ ngày tiêm, các phản ứng gặp phải thường ở mức độ nhẹ trung bình và sẽ biến mất trong vòng một vài ngày. Không có sự gia tăng các phản ứng bất lợi giữa liều đầu tiên và liều thứ 2. Các phản ứng có thể gặp gồm:</span></p>
<ul style=""text-align: justify;"">
<li style=""font-weight: 400;"" aria-level=""1""><span style=""font-weight: 400;"">Phản ứng tại chỗ tiêm: Sưng, đau, xuất hiện quầng đỏ tại vị trí tiêm, nhạy cảm đau,…</span></li>
<li style=""font-weight: 400;"" aria-level=""1""><span style=""font-weight: 400;"">Các phản ứng toàn thân khác: Đau nhức các cơ, sốt, khó chịu, mệt mỏi, trẻ quấy khóc, giảm sự thèm ăn, ban đỏ, …</span></li>
<li style=""font-weight: 400;"" aria-level=""1""><span style=""font-weight: 400;"">Hệ thần kinh trung ương và ngoại vi: Đau đầu, chóng mặt, buồn ngủ, ngủ lơ mơ,…</span></li>
<li style=""font-weight: 400;"" aria-level=""1""><span style=""font-weight: 400;"">Dạ dày, ruột: Nôn mửa, viêm dạ dày, tiêu chảy, táo bón, buồn nôn,…</span></li>
</ul>
<p style=""text-align: justify;""><span style=""font-weight: 400;"">Tuy nhiên, đây là những phản ứng phụ sau tiêm thông thường và sẽ tự hết sau vài ngày mà không cần điều trị.</span></p>
</div>",vac-xin-jeev,https://vnvc.vn/wp-content/uploads/2023/03/vac-xin-jeev.jpg,Biological E. Limited (Ấn Độ),Viêm não Nhật Bản,399000
Vắc xin Gene Hbvax,"<p style=""text-align: justify;""><strong>Vắc xin phòng viêm gan B tái tổ hợp Gene-HBvax</strong> phòng bệnh do virus viêm gan B – loại virus này có thể lây truyền qua đường máu, qua quan hệ tình dục và từ mẹ truyền sang con với khả năng lây nhiễm cao gấp 10 lần so với virus HIV. Một khi nhiễm virus viêm gan B người bệnh phải chấp nhận sống chung với bệnh suốt đời. 25% trong bệnh nhân viêm gan siêu vi B sẽ phát sinh những vấn đề nghiêm trọng về gan, kể cả ung thư gan.</p>","<p style=""text-align: justify;"">Không được tiêm đường tĩnh mạch hoặc trong da, <strong>vắc xin Gene-HBvax</strong> được chỉ định tiêm bắp. Ở người lớn thì tiêm vắc xin vào vùng cơ delta, song ở trẻ sơ sinh và trẻ nhỏ thì nên tiêm vào vùng đùi ngoài thì tốt hơn vì cơ delta còn nhỏ. Ngoại lệ có thể tiêm vắc xin theo đường dưới da cho những bệnh nhân ưa chảy máu. Lắc kỹ lọ vắc xin trước khi tiêm.</p>","<div class=""content_item_list""><p style=""text-align: justify;"">Vắc xin Gene-HBvax được chỉ định phòng <strong><a href=""https://vnvc.vn/nguyen-nhan-dau-hieu-cach-phong-ngua-viem-gan-b/"" target=""_blank"" rel=""noopener"">viêm gan B</a></strong> cho trẻ sơ sinh và người lớn.</p>
</div>","<div class=""content_item_list""><ul>
<li style=""text-align: justify;"" aria-level=""1"">Những phản ứng thường hay gặp nhất là đau, sưng và ban đỏ tại chỗ tiêm giống như bất kỳ loại vắc xin hấp phụ nào khác. Những phản ứng này thường là nhẹ và sẽ hết trong vòng 2 ngày sau khi tiêm.</li>
<li style=""text-align: justify;"" aria-level=""1"">Những phản ứng toàn thân ít gặp như sốt, đau đầu, buồn nôn, chóng mặt và mệt mỏi cũng có thể xảy ra ở một vài người sau khi tiêm, song nguyên nhân để nói là có liên quan đến vắcxin hay không thì vẫn chưa được xác định.</li>
</ul>
</div>",vac-xin-gene-hbvax,https://vnvc.vn/wp-content/uploads/2023/03/vac-xin-Gene-HBvax.jpg,Vabiotech (Việt Nam),"Viêm gan B tiến triển thành viêm gan mạn tính, xơ gan và ung thư gan ở giai đoạn cuối.",220000
Vắc xin Influvac Tetra,"<p style=""text-align: justify;""><span style=""font-weight: 400;"">Vắc xin Cúm Tứ giá Influvac Tetra được chỉ định để phòng ngừa bệnh cúm mùa do virus cúm thuộc hai chủng cúm A (H1N1, H3N2) và hai chủng cúm B (Yamagata, Victoria).</span></p>","<p style=""text-align: justify;""><span style=""font-weight: 400;"">Tiêm bắp hoặc tiêm sâu dưới da.</span></p>","<div class=""content_item_list""><p style=""text-align: justify;"">Vắc xin Influvac Tetra 0.5ml được chỉ định cho trẻ từ 6 tháng tuổi trở lên và người lớn.</p>
</div>","<div class=""content_item_list""><p style=""text-align: justify;""><span style=""font-weight: 400;"">Vắc xin Influvac Tetra là vắc xin có độ an toàn cao. Sau khi tiêm vắc xin phòng bệnh cúm hay gặp những phản ứng nhẹ, không kéo dài và không cần điều trị đặc biệt. Đó là sự đáp ứng miễn dịch của cơ thể. Cụ thể như sau:</span></p>
<ul>
<li aria-level=""1"">Tại chỗ tiêm: đau, đỏ, sưng</li>
<li aria-level=""1"">Toàn thân: sốt,mệt mỏi, đau đầu</li>
</ul>
</div>",influvac-tetra,https://vnvc.vn/wp-content/uploads/2021/11/vac-xin-influvac-tetra.jpg,Abbott (Hà Lan),Cúm,356000
Vắc xin Infanrix Hexa,"<p style=""text-align: justify;""><span style=""font-weight: 400;"">Vắc xin Infanrix Hexa là vắc xin kết hợp phòng được 6 loại bệnh trong 1 mũi tiêm, bao gồm: Ho gà, bạch hầu, uốn ván, bại liệt, viêm gan B và các bệnh viêm phổi, viêm màng não mủ do H.Influenzae týp B (Hib). Tích hợp trong duy nhất trong 1 vắc xin, 6 trong 1 Infanrix Hexa giúp giảm số mũi tiêm, đồng nghĩa với việc hạn chế đau đớn cho bé khi phải tiêm quá nhiều mũi.</span></p>","<ul style=""text-align: justify;"">
<li style=""font-weight: 400;"" aria-level=""1""><span style=""font-weight: 400;"">Infanrix Hexa được chỉ định tiêm bắp sâu. Không được tiêm tĩnh mạch hoặc trong da.</span></li>
</ul>","<div class=""content_item_list""><p style=""text-align: justify;""><span style=""font-weight: 400;"">Vắc xin Infanrix Hexa được chỉ định tiêm cho trẻ từ 6 tuần tuổi đến 2 tuổi phòng 6 bệnh: Bạch hầu, Ho gà, Uốn ván, Bại liệt, Viêm gan B và các bệnh do Hib.</span></p>
</div>","<div class=""content_item_list""><p style=""text-align: justify;""><span style=""font-weight: 400;"">Vắc xin Infanrix Hexa có độ an toàn cao. Tuy nhiên, sau khi tiêm vắc xin 6 trong 1 Infanrix Hexa (Bỉ), trẻ có thể gặp những phản ứng nhẹ, không kéo dài và không cần điều trị đặc biệt, vì đó là đáp ứng miễn dịch của cơ thể. Cụ thể như:</span></p>
<ul>
<li style=""font-weight: 400; text-align: justify;"" aria-level=""1""><span style=""font-weight: 400;"">Tại chỗ tiêm: sưng đỏ, đau từ 1 – 3 ngày. Có thể nổi cục cứng, sau khoảng 1-3 tuần sẽ tự khỏi</span></li>
<li style=""font-weight: 400; text-align: justify;"" aria-level=""1""><span style=""font-weight: 400;"">Toàn thân: Trẻ có thể sốt, quấy khóc, nôn, tiêu chảy, bú kém.</span></li>
</ul>
</div>",infanrix-vac-xin-6-trong-1,https://vnvc.vn/wp-content/uploads/2017/04/vac-xin-Infanrix-hexa.jpg,GSK (Bỉ),"Ho gà, bạch hầu, uốn ván, bại liệt, viêm gan B và các bệnh do HIB",996000
Vắc xin Pentaxim,"<p style=""text-align: justify;""><span style=""font-weight: 400;"">Vắc xin Pentaxim l</span><span style=""font-weight: 400;"">à vắc xin kết hợp phòng được 5 loại bệnh trong 1 mũi tiêm, bao gồm: Ho gà, bạch hầu, uốn ván, bại liệt và các bệnh viêm phổi, viêm màng não mủ do H.Influenzae týp B (Hib). Tích hợp trong duy nhất trong 1 vắc xin, 5 trong 1 Pentaxim giúp giảm số mũi tiêm, đồng nghĩa với việc hạn chế đau đớn cho bé khi phải tiêm quá nhiều. </span></p>","<p style=""text-align: justify;""><span style=""font-weight: 400;"">Vắc xin Pentaxim được chỉ định tiêm bắp (ở mặt trước – bên đùi).</span></p>","<div class=""content_item_list""><p style=""text-align: justify;""><span style=""font-weight: 400;"">Vắc xin Pentaxim được chỉ định tiêm cho trẻ từ 2 tháng tuổi </span><span style=""font-weight: 400;"">đến tròn 2 tuổi phòng 5 bệnh: Bạch hầu, Ho gà, Uốn ván, Bại liệt và các bệnh do Hib.</span></p>
</div>","<div class=""content_item_list""><p style=""text-align: justify;""><span style=""font-weight: 400;"">Vắc xin Pentaxim có độ an toàn cao. Tuy nhiên, người được tiêm có thể gặp một số phản ứng nhẹ, kéo dài từ 1- 2 ngày:</span></p>
<ul>
<li style=""font-weight: 400; text-align: justify;"" aria-level=""1""><span style=""font-weight: 400;"">Tại chỗ tiêm: nốt quầng đỏ, nốt cứng. Các triệu chứng trên thường gặp trong 48 giờ sau khi tiêm và có thể kéo dài 48 – 72 giờ.</span></li>
<li style=""font-weight: 400; text-align: justify;"" aria-level=""1""><span style=""font-weight: 400;"">Toàn thân: trẻ có thể sốt, quấy khóc, tiêu chảy, nôn, chán ăn, buồn ngủ, phát ban.</span></li>
</ul>
</div>",pentaxim-vac-xin-5-trong-1,https://vnvc.vn/wp-content/uploads/2017/04/vac-xin-pentaxim-1.jpg,Sanofi (Pháp),"Ho gà, bạch hầu, uốn ván, bại liệt và các bệnh do HIB",795000
Vắc xin Heberbiovac,"<p style=""text-align: justify;"">Vắc xin Heberbiovac HB là vắc xin viêm gan B tái tổ hợp phòng bệnh do virus viêm gan B – loại virus có thể lây truyền dễ dàng qua đường máu, quan hệ tình dục và từ mẹ truyền sang con.</p>",,"<div class=""content_item_list""><p style=""text-align: justify;"">Vắc xin Heberbiovac HB được chỉ định tiêm chủng cho trẻ sơ sinh và người lớn.<br>
Vắc xin Heberbiovac HB 10mcg/0.5ml phòng ngừa viêm gan B được dùng để chủng ngừa cho trẻ sơ sinh đến trẻ tròn 10 tuổi.</p>
<p style=""text-align: justify;"">Vắc xin Heberbiovac HB 20mcg/1ml phòng ngừa viêm gan B được dùng để chủng ngừa cho trẻ trên 10 tuổi (10 tuổi 1 ngày) trở lên và người lớn.</p>
</div>","<div class=""content_item_list""><p style=""text-align: justify;"">Vắc xin Heberbiovac HB có độ an toàn cao. Tuy nhiên, người được tiêm có thể gặp một số phản ứng nhẹ, kéo dài từ 1- 2 ngày:</p>
<ul>
<li style=""text-align: justify;"">Phản ứng tại chỗ tiêm: Nổi ban đỏ, chai cứng, sưng đau, tăng nhạy cảm tại chỗ tiêm.</li>
<li style=""text-align: justify;"">Các phản ứng toàn thân khác: Sốt, đau đầu, buồn ngủ, giảm cảm giác thèm ăn, nôn mửa, tiêu chảy.</li>
</ul>
</div>",heberbiovac-hb,https://vnvc.vn/wp-content/uploads/2022/08/vac-xin-Heberbiovac-HB.jpg,C.I.G.B (Cu Ba),viêm gan b,270000
Vắc xin Priorix,"<p style=""text-align: justify;"">Vắc xin Priorix có thể tiêm sớm cho trẻ từ 9 tháng tuổi, Priorix có thể tăng khả năng bảo vệ lên đến 98% nếu tiêm đủ 2 mũi. Priorix bảo vệ sớm cho trẻ, giảm tỷ lệ bệnh nặng và tử vong, giúp ngăn ngừa sự lây lan của virus.</p>","<p style=""text-align: justify;"">Không có số liệu ở người liên quan đến việc dùng Priorix cho phụ nữ cho con bú. Có thể tiêm vắc xin khi lợi ích thu được vượt trội nguy cơ.</p>","<div class=""content_item_list""><p style=""text-align: justify;"">Vắc xin Priorix được chỉ định tiêm chủng cho trẻ em từ 9 tháng tuổi và người lớn.</p>
</div>","<div class=""content_item_list""><p style=""text-align: justify;"">Vắc xin Priorix có độ an toàn cao. Tuy nhiên, người được tiêm có thể gặp một số phản ứng nhẹ, kéo dài từ 1- 2 ngày:</p>
<ul>
<li style=""text-align: justify;"">Phản ứng tại chỗ tiêm: Nổi ban đỏ, chai cứng, sưng đau, tăng nhạy cảm tại chỗ tiêm.</li>
<li style=""text-align: justify;"">Các phản ứng toàn thân khác: Sốt, đau đầu, buồn ngủ, giảm cảm giác thèm ăn, nôn mửa, tiêu chảy.</li>
</ul>
</div>",vac-xin-priorix,https://vnvc.vn/wp-content/uploads/2022/07/vac-xin-priorix.jpg,GSK (Bỉ),Sởi - quai bị - rubella,495000
Vắc xin Rotarix,"<p style=""text-align: justify;""><span style=""font-weight: 400;"">Rotarix là vắc xin sống, giảm độc lực được chỉ định cho trẻ từ 6 tuần tuổi phòng viêm dạ dày – ruột do Rotavirus tuýp huyết thanh G1 và không phải G1. Mặc dù trong thành phần chỉ có 1 tuýp G1P tuy nhiên vắc xin có khả năng bảo vệ chéo tất cả các tuýp G1 và không phải G1 (G2, G3, G4, G9).</span></p>","<ul style=""text-align: justify;"">
<li style=""font-weight: 400;"" aria-level=""1""><span style=""font-weight: 400;"">Chỉ dùng đường uống.</span></li>
<li style=""font-weight: 400;"" aria-level=""1""><span style=""font-weight: 400;"">Vắc xin Rotarix có khả năng bám dính rất tốt vì vậy sau khi uống nếu trẻ có nôn trớ thì cũng không cần uống liều khác. Tuy nhiên nếu xác định rằng đã bị nôn trớ phần lớn vắc xin thì có thể uống lại.</span></li>
</ul>","<div class=""content_item_list""><p style=""text-align: justify;""><span style=""font-weight: 400;"">Vắc xin Rotarix được chỉ định chủng ngừa cho trẻ từ 6 tuần tuổi phòng tránh nguy cơ nhiễm virus Rota – nguyên nhân gây tiêu chảy cấp ở trẻ nhỏ.</span></p>
</div>","<div class=""content_item_list""><p style=""text-align: justify;""><span style=""font-weight: 400;"">Vắc xin Rotarix có độ an toàn cao. Tuy nhiên, sau khi uống vắc xin, trẻ hay gặp những phản ứng nhẹ, không kéo dài và không cần điều trị đặc biệt. Đó là sự đáp ứng miễn dịch của cơ thể. Cụ thể như sau:</span></p>
<ul>
<li style=""font-weight: 400; text-align: justify;"" aria-level=""1""><span style=""font-weight: 400;"">Toàn thân: rối loạn tiêu hóa và thường tự khỏi sau vài ngày.</span></li>
<li style=""font-weight: 400; text-align: justify;"" aria-level=""1""><span style=""font-weight: 400;"">Nếu đi ngoài phân nước nhiều lần, nôn nhiều, có dấu hiệu mất nước nên khám lại ngay tại cơ sở y tế.</span></li>
</ul>
</div>",vac-xin-rotarix,https://vnvc.vn/wp-content/uploads/2017/04/vac-xin-rotarix.jpg,GSK (Bỉ),Tiêu chảy,825000
Vắc xin Rotateq,"<p style=""text-align: justify;""><span style=""font-weight: 400;"">Rotateq</span> là vắc xin sống giảm độc lực phòng ngừa Rotavirus, ngũ giá, dùng đường uống được chỉ định cho trẻ từ 7,5 tuần tuổi phòng viêm dạ dày – ruột do Rotavirus ở trẻ nhỏ gây ra bởi các tuýp vi-rút G1, G2, G3, G4 và các tuýp có chứa P1A (ví dụ như G9).</p>","<ul style=""text-align: justify;"">
<li style=""font-weight: 400;"" aria-level=""1""><span style=""font-weight: 400;"">Chỉ dùng đường uống. Không được tiêm.</span></li>
<li style=""font-weight: 400;"" aria-level=""1""><span style=""font-weight: 400;"">Nếu trẻ bị nôn trớ hoặc nhổ ra thì không được uống liều thay thế vì chưa có nghiên cứu lâm sàng cho việc uống thay thế. Cứ dùng liều tiếp theo trong lịch uống vắc xin.</span></li>
<li style=""font-weight: 400;"" aria-level=""1""><span style=""font-weight: 400;"">Vắc xin được đóng trong tuýp định liều có thể vặn nắp và cho uống luôn, không được pha loãng bằng nước hoặc sữa.</span></li>
</ul>","<div class=""content_item_list""><p style=""text-align: justify;""><span style=""font-weight: 400;"">Vắc xin Rotateq được chỉ định chủng ngừa cho trẻ từ 6 tuần tuổi phòng tránh nguy cơ nhiễm virus Rota – nguyên nhân gây tiêu chảy cấp ở trẻ nhỏ.</span></p>
</div>","<div class=""content_item_list""><p style=""text-align: justify;""><span style=""font-weight: 400;"">Sau khi uống vắc xin phòng bệnh tiêu chảy do Rotavirus, trẻ hay gặp những phản ứng nhẹ, không kéo dài và không cần điều trị đặc biệt, đó là sự đáp ứng miễn dịch của cơ thể. Cụ thể như sau:</span></p>
<ul>
<li style=""font-weight: 400; text-align: justify;"" aria-level=""1""><span style=""font-weight: 400;"">Toàn thân: rối loạn tiêu hóa và thường tự khỏi sau vài ngày.</span></li>
<li style=""font-weight: 400; text-align: justify;"" aria-level=""1""><span style=""font-weight: 400;"">Nếu đi ngoài phân nước nhiều lần, nôn nhiều, có dấu hiệu mất nước nên khám lại ngay tại cơ sở y tế.</span></li>
</ul>
</div>",vac-xin-rotateq,https://vnvc.vn/wp-content/uploads/2021/02/vac-xin-RotaTeq.jpg,MSD (Mỹ),Tiêu chảy,665000
Vắc xin Rotavin,"<p style=""text-align: justify;""><span style=""font-weight: 400;"">Vắc xin Rotavin là vắc xin sống giảm độc lực có tác dụng phòng nguy cơ nhiễm virus Rota – nguyên nhân gây tình trạng tiêu chảy cấp ở trẻ nhỏ. Vắc xin có dung dịch màu hồng, được sản xuất trên dây chuyền công nghệ hiện đại, đạt các tiêu chuẩn của <a href=""https://www.who.int/"" target=""_blank"" rel=""nofollow noreferrer noopener"">Tổ chức Y tế Thế giới (WHO)</a> về vắc xin uống.</span></p>","<ul style=""text-align: justify;"">
<li style=""font-weight: 400;"" aria-level=""1""><span style=""font-weight: 400;"">Chỉ được dùng đường uống, không được tiêm.</span></li>
<li style=""font-weight: 400;"" aria-level=""1""><span style=""font-weight: 400;"">Liều uống: 2ml/liều.</span></li>
</ul>","<div class=""content_item_list""><p><span style=""font-weight: 400;"">Vắc xin Rotavin được chỉ định chủng ngừa cho trẻ từ 6 tuần tuổi phòng tiêu chảy cấp do Rotavirus.</span></p>
</div>","<div class=""content_item_list""><p style=""text-align: justify;""><span style=""font-weight: 400;"">Vắc xin Rotavin là vắc xin có độ an toàn cao. Sau khi uống vắc xin, trẻ hay gặp những phản ứng nhẹ, không kéo dài và không cần điều trị đặc biệt. Đó là sự đáp ứng miễn dịch của cơ thể. Cụ thể như sau:</span></p>
<ul>
<li style=""font-weight: 400; text-align: justify;"" aria-level=""1""><span style=""font-weight: 400;"">Toàn thân: rối loạn tiêu hóa và thường tự khỏi sau vài ngày.</span></li>
<li style=""font-weight: 400; text-align: justify;"" aria-level=""1""><span style=""font-weight: 400;"">Nếu đi ngoài phân nước nhiều lần, nôn nhiều, có dấu hiệu mất nước nên khám lại ngay tại cơ sở y tế.</span></li>
</ul>
</div>",rotavin-m1-vac-xin-phong-benh-tieu-chay-cap-rotavirus,https://vnvc.vn/wp-content/uploads/2020/05/vac-xin-rotavin-1.jpg,Polyvac (Việt Nam),Tiêu chảy,490000
Vắc xin Mengoc BC,"<p style=""text-align: justify;""><span style=""font-weight: 400;"">Vắc xin VA-Mengoc-BC phòng bệnh viêm màng não do não mô cầu khuẩn </span><span style=""font-weight: 400;"">Meningococcal</span><span style=""font-weight: 400;""> tuýp B và C gây ra.</span></p>","<ul style=""text-align: justify;"">
<li style=""font-weight: 400;"" aria-level=""1""><span style=""font-weight: 400;"">Tiêm bắp sâu, tốt nhất là vào vùng cơ delta cánh tay. Tuy nhiên ở trẻ nhỏ có thể tiêm bắp đùi, ở mặt trước ngoài của đùi.</span></li>
<li style=""font-weight: 400;"" aria-level=""1""><span style=""font-weight: 400;"">Không được tiêm tĩnh mạch.</span></li>
</ul>","<div class=""content_item_list""><p style=""text-align: justify;""><span style=""font-weight: 400;"">Vắc xin phòng viêm màng não do mô cầu BC của CuBa được chỉ định tiêm cho trẻ từ 6 tháng tuổi trở lên và người lớn đến 45 tuổi.</span></p>
</div>","<div class=""content_item_list""><p style=""text-align: justify;""><span style=""font-weight: 400;"">Sau khi tiêm vắc xin phòng bệnh Viêm màng não do mô cầu VA-Mengoc-BC có thể gặp những phản ứng nhẹ, không kéo dài và không cần điều trị đặc biệt. Đó là sự đáp ứng miễn dịch của cơ thể. Cụ thể như sau:</span></p>
<ul>
<li style=""font-weight: 400; text-align: justify;"" aria-level=""1""><span style=""font-weight: 400;"">Tại chỗ tiêm: sưng đau, có thể tạo cục cứng, sau khoảng 72 giờ sẽ tự khỏi.</span></li>
<li style=""font-weight: 400; text-align: justify;"" aria-level=""1""><span style=""font-weight: 400;"">Toàn thân: sốt nhẹ.</span></li>
</ul>
</div>",va-mengoc-bc-vac-xin-phong-viem-mang-nao-nao-mo-cau-b-c,https://vnvc.vn/wp-content/uploads/2017/04/vac-xin-va-mengoc-bc.jpg,Finlay Institute (Cu Ba),Viêm màng não do não mô cầu,385000
Vắc xin Ivacflu-S,"<p><span style=""font-weight: 400;"">Vắc xin Ivacflu – S phòng 3 chủng cúm A(H3N2), cúm A(H1N1),và cúm B (Victoria/Yamagata).</span></p>","<p><span style=""font-weight: 400;"">Vắc xin Ivacflu-S được sử dụng qua đường tiêm bắp. Vị trí tiêm: Cơ delta (bắp cánh tay). Không được tiêm vắc xin vào mạch máu.</span></p>","<div class=""content_item_list""><p><span style=""font-weight: 400;"">Vắc xin dành cho người lớn từ 18 tuổi đến 60 tuổi (đến sinh nhật lần thứ 60 tuổi). Lưu ý, không chỉ định tiêm cho phụ nữ mang thai.</span></p>
</div>","<div class=""content_item_list""><p><span style=""font-weight: 400;"">Sau khi tiêm vắc xin phòng bệnh cúm, người tiêm hay gặp những phản ứng nhẹ, không kéo dài và không cần điều trị đặc biệt. Đó là sự đáp ứng miễn dịch của cơ thể. Cụ thể như sau:</span></p>
<ul>
<li>Tại chỗ tiêm: đau, đỏ, sưng</li>
<li>Toàn thân: sốt,mệt mỏi, đau đầu</li>
</ul>
</div>",vac-xin-ivacflu-s,https://vnvc.vn/wp-content/uploads/2021/02/vac-xin-ivacflu-s.jpg,,,
Vắc xin Mvvac,"<p><span style=""font-weight: 400;"">Vắc xin MVVAC tạo miễn dịch chủ động phòng bệnh sởi cho trẻ từ 9 tháng tuổi trở lên và người chưa có kháng thể sởi.</span></p>","<p style=""text-align: justify;""><span style=""font-weight: 400;"">Vắc xin </span><span style=""font-weight: 400;"">MVVAC</span><span style=""font-weight: 400;""> chỉ được tiêm dưới da, không được tiêm tĩnh mạch.</span></p>","<div class=""content_item_list""><p style=""text-align: justify;""><b><span style=""font-weight: 400;"">Vắc xin MVVAC phòng bệnh sởi cho trẻ từ 9 tháng tuổi trở lên và người chưa có kháng thể sởi.</span></b></p>
</div>","<div class=""content_item_list""><ul>
<li aria-level=""1""><b><i>Sau khi tiêm sởi, người tiêm có sốt không?</i></b></li>
</ul>
<p style=""text-align: justify;""><span style=""font-weight: 400;"">Sau khi tiêm vắc xin phòng bệnh sởi, trẻ hay gặp những phản ứng nhẹ, không kéo dài và không cần điều trị đặc biệt. Đó là sự đáp ứng miễn dịch của cơ thể. Cụ thể như sau:</span></p>
<ul style=""text-align: justify;"">
<li style=""font-weight: 400;"" aria-level=""1"">Tại chỗ tiêm: đau, đỏ, sưng</li>
<li style=""font-weight: 400;"" aria-level=""1"">Toàn thân: Sốt, ban, ho và sổ mũi</li>
</ul>
<p style=""text-align: justify;""><span style=""font-weight: 400;"">Các triệu chứng này thường kéo dài từ 1 đến 3 ngày rồi tự khỏi mà không cần điều trị.</span></p>
</div>",vac-xin-mvvac,https://vnvc.vn/wp-content/uploads/2021/02/vac-xin-MVVAC.jpg,Polyvac (Việt Nam),Sởi,396000
Vắc xin MMR II,"<p style=""text-align: justify;"">Vắc xin phối hợp MMR-II của Mỹ là vắc xin sống giảm độc lực tạo miễn dịch chủ động dùng để ngăn ngừa nhiễm virus bệnh sởi, quai bị và rubella. Thuốc hoạt động bằng cách giúp cơ thể tạo kháng thể chống lại virus.</p>","<p style=""text-align: justify;"">Tiêm dưới da, không được tiêm tĩnh mạch.</p>","<div class=""content_item_list""><p style=""text-align: justify;""><span style=""font-weight: 400;"">Vắc xin MMR-II phòng Sởi – Quai bị – Rubella được chỉ định dành cho trẻ từ 12 tháng tuổi trở lên và người&nbsp; lớn.</span></p>
</div>","<div class=""content_item_list""><ul>
<li style=""text-align: justify;"" aria-level=""1""><b><i>Sau khi tiêm Sởi – Quai bị – Rubella, người tiêm có sốt không?</i></b></li>
</ul>
<p style=""text-align: justify;""><span style=""font-weight: 400;"">Vắc xin Sởi-Quai bị-Rubella là vắc xin có độ an toàn cao. Sau khi tiêm vắc xin MMR-II, người tiêm hay gặp những phản ứng nhẹ, không kéo dài và không cần điều trị đặc biệt. Đó là sự đáp ứng miễn dịch của cơ thể. Cụ thể:</span></p>
<ul>
<li style=""font-weight: 400; text-align: justify;"" aria-level=""1"">Tại chỗ tiêm: đau, đỏ, sưng</li>
<li style=""font-weight: 400; text-align: justify;"" aria-level=""1"">Toàn thân: Sốt, ban, ho và sổ mũi</li>
</ul>
</div>",mmr-ii-vac-xin-phong-3-benh-soi-quai-bi-rubella,https://vnvc.vn/wp-content/uploads/2017/04/vac-xin-MMR-II.jpg,MSD (Mỹ),"Sởi, quai bị, rubella",445000
Vắc xin Tetraxim,"<p style=""text-align: justify;""><span style=""font-weight: 400;"">Vắc xin 4 trong 1 Tetraxim (Pháp)</span><span style=""font-weight: 400;""> được chỉ định để phòng ngừa các bệnh ho gà, bạch hầu, uốn ván, bại liệt cho trẻ từ 2 tháng tuổi trở lên đến 13 tuổi tùy theo mỗi quốc gia.</span></p>","<p style=""text-align: justify;""><span style=""font-weight: 400;"">Tiêm bắp ở trẻ nhũ nhi và tiêm vùng cơ delta ở trẻ 2 tháng tuổi đến 13 tuổi.</span></p>","<div class=""content_item_list""><p style=""text-align: justify;""><span style=""font-weight: 400;"">Vắc xin 4 trong 1 Tetraxim (Pháp) được chỉ định tiêm cho trẻ từ 2 tháng tuổi trở lên đến 13 tuổi (tùy theo khuyến cáo chính thức của từng quốc gia).</span></p>
</div>","<div class=""content_item_list""><p style=""text-align: justify;""><strong>Sau tiêm vắc xin 4 trong 1 có biểu hiện sốt không?</strong></p>
<p style=""text-align: justify;""><span style=""font-weight: 400;"">Sau khi tiêm 4 trong 1, trẻ hay gặp những phản ứng nhẹ, không kéo dài và không cần điều trị đặc biệt. Đó là sự đáp ứng miễn dịch của cơ thể, cụ thể như sau:</span></p>
<ul>
<li style=""text-align: justify;""><span style=""font-weight: 400;""> Tại chỗ tiêm: đỏ, sưng (có thể hơn 5cm) hoặc lan ra toàn bộ chi bên tiêm. Xảy ra trong vòng 24 – 72 giờ sau khi tiêm vắc xin và tự khỏi trong vòng 3-5 ngày.</span></li>
<li style=""text-align: justify;""><span style=""font-weight: 400;""> Toàn thân: sốt, tiêu chảy, kém ăn, quấy khóc.</span></li>
</ul>
</div>",vac-xin-tetraxim,https://vnvc.vn/wp-content/uploads/2021/02/vac-xin-tetraxim.jpg,Sanofi (Pháp),"Bạch hầu, ho gà, uốn ván, bại liệt",645000
Vắc xin Imojev,"<p style=""text-align: justify;""><span style=""font-weight: 400;"">Imojev là <a href=""https://vnvc.vn/vac-xin-viem-nao-nhat-ban/"" target=""_blank"" rel=""noopener"">vắc xin phòng viêm não Nhật Bản</a> được chỉ định cho trẻ em từ 9 tháng tuổi trở lên và người lớn.</span></p>","<ul style=""text-align: justify;"">
<li style=""font-weight: 400;"" aria-level=""1""><span style=""font-weight: 400;"">Trẻ từ 9 tháng tuổi đến 24 tháng tuổi: Tiêm tại mặt trước – bên của đùi hoặc vùng <a href=""https://www.ncbi.nlm.nih.gov/books/NBK537056/"" target=""_blank"" rel=""nofollow noreferrer noopener"">cơ Delta</a> ở cánh tay.</span></li>
<li style=""font-weight: 400;"" aria-level=""1""><span style=""font-weight: 400;"">Trẻ từ 2 tuổi trở lên và người lớn: Tiêm tại vùng cơ Delta ở cánh tay.</span></li>
<li style=""font-weight: 400;"" aria-level=""1""><span style=""font-weight: 400;"">Liều tiêm: 0,5ml/liều Imojev hoàn nguyên.</span></li>
</ul>","<div class=""content_item_list""><p><span style=""font-weight: 400;"">Vắc xin Imojev được chỉ định phòng viêm não Nhật Bản cho trẻ em từ 9 tháng tuổi trở lên và người lớn. </span></p>
</div>","<div class=""content_item_list""><p><strong><i>Sau khi tiêm vắc xin Viêm não Nhật Bản B, bé có sốt không?</i></strong></p>
<p><span style=""font-weight: 400;"">Sau khi tiêm vắc xin phòng bệnh Viêm não Nhật Bản B, bé hay gặp những phản ứng nhẹ, không kéo dài và không cần điều trị đặc biệt. Đó là sự đáp ứng miễn dịch của cơ thể. Cụ thể như sau:</span></p>
<ul>
<li style=""font-weight: 400;"" aria-level=""1"">Tại chỗ tiêm: đau, sưng, đỏ tại vị trí tiêm là triệu chứng thường gặp</li>
<li style=""font-weight: 400;"" aria-level=""1"">Toàn thân: sốt, đau đầu,đau cơ, mệt mỏi, cáu kỉnh, mất cảm giác thèm ăn, nôn</li>
</ul>
</div>",imojev-vac-xin-phong-viem-nao-nhat-ban-moi,https://vnvc.vn/wp-content/uploads/2019/07/vac-xin-imojev.jpg,Sanofi (Thái Lan),Viêm não nhật bản,875000
Vắc xin Avaxim,"<p style=""text-align: justify;""><span style=""font-weight: 400;"">Vắc xin Avaxim 80U tạo miễn dịch chủ động phòng ngừa virus gây bệnh viêm gan siêu vi A.</span></p>","<ul style=""text-align: justify;"">
<li style=""font-weight: 400;"" aria-level=""1""><span style=""font-weight: 400;"">Tiêm bắp vào cơ delta trên cánh tay.</span></li>
</ul>","<div class=""content_item_list""><p style=""text-align: justify;""><span style=""font-weight: 400;"">Vắc xin Avaxim 80U được chỉ định cho trẻ từ 12 tháng đến dưới 16 tuổi.</span></p>
</div>","<div class=""content_item_list""><p style=""text-align: justify;""><span style=""font-weight: 400;"">Sau khi tiêm vắc xin phòng bệnh Viêm gan A, người tiêm hay gặp những phản ứng nhẹ, không kéo dài và không cần điều trị đặc biệt. Đó là sự đáp ứng miễn dịch của cơ thể, cụ thể như sau:</span></p>
<ul>
<li>Tại chỗ tiêm: có thể sưng quầng đỏ tại chỗ tiêm 1-2 ngày.</li>
<li>Phản ứng sau tiêm toàn thân: Sốt nhẹ, đau đầu, đau cơ, mệt mỏi,…</li>
</ul>
</div>",avaxim-vac-xin-phong-viem-gan,https://vnvc.vn/wp-content/uploads/2017/04/vac-xin-avaxim-80U.jpg,Sanofi (Pháp),Viêm gan A,660000
Vắc xin Havax,"<p style=""text-align: justify;"">Vắc xin Havax được dùng để phòng ngừa bệnh viêm gan A cho mọi đối tượng người lớn và trẻ em từ 24 tháng tuổi trở lên, đặc biệt cho những người có nguy cơ phơi nhiễm với virus viêm gan A.</p>","<ul style=""text-align: justify;"">
<li style=""font-weight: 400;"" aria-level=""1""><span style=""font-weight: 400;"">Tiêm bắp. Không được tiêm vào đường tĩnh mạch hoặc trong da.</span></li>
<li style=""font-weight: 400;"" aria-level=""1""><span style=""font-weight: 400;"">Ở người lớn thì tiêm vắc-xin vào vùng cơ Delta song ở trẻ em nên tiêm vào vùng đùi ngoài thì tốt hơn vì cơ Delta còn nhỏ.</span></li>
</ul>","<div class=""content_item_list""><p style=""text-align: justify;""><span style=""font-weight: 400;"">Vắc xin Havax được khuyến cáo chủng ngừa cho trẻ từ 24 tháng tuổi đến dưới 18 tuổi, sử dụng cho những người có nguy cơ phơi nhiễm với virus viêm gan A như:&nbsp;</span></p>
<ul>
<li style=""font-weight: 400; text-align: justify;"" aria-level=""1"">Những người chưa tiêm vắc xin Viêm gan A và có dự định đi du lịch đến những vùng dịch lưu hành (những vùng thường có virus viêm gan A).</li>
<li style=""font-weight: 400; text-align: justify;"" aria-level=""1"">Các đối tượng vì nghề nghiệp có phơi nhiễm: hộ lý, y tá, cán bộ viên chức làm công tác chăm sóc phục vụ trẻ tàn tật, nhân viên xử lý nước, nước thải và thực phẩm công nghiệp.</li>
<li style=""font-weight: 400; text-align: justify;"" aria-level=""1""><span style=""font-weight: 400;"">Những người đặc biệt có nguy cơ lây nhiễm (bệnh nhân ưa chảy máu, truyền dịch nhiều lần, tiêm tĩnh mạch,đồng tính).</span></li>
<li style=""font-weight: 400; text-align: justify;"" aria-level=""1""><span style=""font-weight: 400;"">Havax không bảo vệ chống lại được các bệnh gan do các tác nhân gây bệnh và các virút viêm gan khác gây ra.</span></li>
</ul>
<p>Havax không bảo vệ chống lại được các bệnh viêm gan do các tác nhân gây bệnh là các virus viêm gan khác gây ra.</p>
</div>","<div class=""content_item_list""><p style=""text-align: justify;"">Sau khi tiêm vắc xin phòng bệnh Viêm gan A, người tiêm có thể gặp phải những phản ứng nhẹ, không kéo dài và không cần điều trị đặc hiệu, cụ thể như sau:</p>
<ul>
<li style=""font-weight: 400; text-align: justify;"" aria-level=""1"">Tại chỗ tiêm: có thể sưng quầng đỏ tại chỗ tiêm 1-2 ngày.<br>
Toàn thân: Sốt nhẹ, đau đầu, đau cơ, mệt mỏi,…</li>
</ul>
</div>",vac-xin-havax,https://vnvc.vn/wp-content/uploads/2021/02/vac-xin-havax.jpg,Vabiotech (Việt Nam),Viêm gan A,255000
Vắc xin Twinrix,"<p style=""text-align: justify;""><span style=""font-weight: 400;"">Vắc xin Twinrix được chỉ định để phòng 2 bệnh viêm gan A và viêm gan B ở trẻ em từ 1 tuổi và người lớn chưa có miễn dịch.</span></p>","<ul style=""text-align: justify;"">
<li style=""font-weight: 400;"" aria-level=""1""><span style=""font-weight: 400;"">Tiêm bắp.</span></li>
</ul>","<div class=""content_item_list""><p style=""text-align: justify;""><span style=""font-weight: 400;"">Vắc xin phòng bệnh Viêm gan A+B (Twinrix) được chỉ định tiêm cho trẻ từ 12 tháng tuổi trở lên và người lớn.&nbsp;</span></p>
</div>","<div class=""content_item_list""><p style=""text-align: justify;""><span style=""font-weight: 400;"">Sau khi tiêm vắc xin phòng bệnh Viêm gan A+B, người tiêm hay gặp những phản ứng nhẹ, không kéo dài và không cần điều trị đặc biệt. Đó là sự đáp ứng miễn dịch của cơ thể, cụ thể như sau:</span></p>
<ul>
<li>Tại chỗ tiêm: đau, sưng, đỏ</li>
<li>Toàn thân: đau đầu, khó chịu.</li>
</ul>
</div>",twinrix-vac-xin-phong-viem-gan-ab,https://vnvc.vn/wp-content/uploads/2017/04/vac-xin-twinrix.jpg,GSK (Bỉ),"Viêm gan A, viêm gan B",690000
Vắc xin Typhim VI,"<p style=""text-align: justify;""><span style=""font-weight: 400;"">Vắc xin Typhim VI phòng ngừa bệnh Thương hàn (bệnh về đường tiêu hóa) gây ra bởi vi khuẩn thương hàn (Salmonella typhi) cho trẻ từ trên 2 tuổi và người lớn.&nbsp;</span></p>","<ul style=""text-align: justify;"">
<li style=""font-weight: 400;"" aria-level=""1""><span style=""font-weight: 400;"">Tiêm bắp hoặc tiêm dưới da.</span></li>
</ul>","<div class=""content_item_list""><p style=""text-align: justify;""><span style=""font-weight: 400;"">Vắc xin thương hàn được chỉ định cho trẻ từ trên 2 tuổi (2 tuổi 1 ngày) trở lên và người lớn.</span></p>
</div>","<div class=""content_item_list""><p style=""text-align: justify;""><span style=""font-weight: 400;"">Sau khi tiêm vắc xin phòng Thương hàn, người tiêm hay gặp những phản ứng nhẹ, không kéo dài và không cần điều trị đặc biệt. Đó là sự đáp ứng miễn dịch của cơ thể, cụ thể như sau:</span></p>
<ul>
<li style=""font-weight: 400; text-align: justify;"" aria-level=""1"">Phản ứng tại chỗ: sưng, đau, có quầng đỏ tại vết tiêm.</li>
<li style=""font-weight: 400; text-align: justify;"" aria-level=""1"">Phản ứng toàn thân: sốt, đau đầu, đau khớp</li>
</ul>
</div>",typhim-vi-vac-xin-phong-thuong-han,https://vnvc.vn/wp-content/uploads/2017/04/vac-xin-typhim-vi.jpg,Sanofi (Pháp),Thương hàn,390000
Vắc xin mOrcvax,"<p style=""text-align: justify;""><span style=""font-weight: 400;"">Vắc xin mORCVAX phòng bệnh bệnh truyền nhiễm cấp tính do vi khuẩn tả Vibrio cholerae gây nên.</span></p>","<ul style=""text-align: justify;"">
<li style=""font-weight: 400;"" aria-level=""1""><span style=""font-weight: 400;"">Chỉ dùng đường uống. Liều dùng: 1,5ml/liều.</span></li>
</ul>","<div class=""content_item_list""><p style=""text-align: justify;""><span style=""font-weight: 400;"">Vắc xin tả mORCVAX được chỉ định cho trẻ từ 2 tuổi trở lên và người lớn.&nbsp;</span></p>
</div>","<div class=""content_item_list""><p style=""text-align: justify;""><span style=""font-weight: 400;"">Sau khi uống có thể có cảm giác buồn nôn, nôn và các triệu chứng hiếm gặp: đau đầu, đau bụng, tiêu chảy, sốt… Các triệu chứng này tự khỏi mà không cần điều trị.</span></p>
</div>",morcvax-vac-xin-phong-benh-ta,https://vnvc.vn/wp-content/uploads/2019/06/vac-xin-mORCVAX.jpg,Vabiotech (Việt Nam),Tả,165000
Vắc xin Quimihib,"<p style=""text-align: justify;""><span style=""font-weight: 400;"">Vắc xin Quimihib phòng ngừa bệnh viêm phổi, viêm màng não mủ do tác nhân Haemophilus Influenzae type b gây ra ở trẻ nhỏ. </span></p>","<ul style=""text-align: justify;"">
<li style=""font-weight: 400;"" aria-level=""1""><span style=""font-weight: 400;"">Tiêm bắp.</span></li>
<li style=""font-weight: 400;"" aria-level=""1""><span style=""font-weight: 400;"">Tiêm vào vùng trước bên đùi của trẻ dưới 2 tuổi.</span></li>
<li style=""font-weight: 400;"" aria-level=""1""><span style=""font-weight: 400;"">Tiêm vào vùng cơ delta đối với trẻ trên 2 tuổi.</span></li>
</ul>","<div class=""content_item_list""><p style=""text-align: justify;""><span style=""font-weight: 400;"">Vắc xin QuimiHib dành cho trẻ em từ 2 tháng tuổi đến 15 tuổi.</span></p>
</div>","<div class=""content_item_list""><p style=""text-align: justify;""><span style=""font-weight: 400;"">Sau khi tiêm vắc xin phòng các bệnh do Hib, trẻ hay gặp những phản ứng nhẹ, không kéo dài và không cần điều trị đặc biệt. Đó là sự đáp ứng miễn dịch của cơ thể, cụ thể như sau:</span></p>
<ul>
<li>Tại chỗ tiêm: đỏ, sưng, đau và có thể ngứa tại vị trí tiêm</li>
<li>Toàn thân: Sốt nhẹ, quấy khóc, biếng ăn, buồn nôn, nôn , tiêu chảy</li>
</ul>
<p>Các triệu chứng nhẹ và tự khỏi trong 1-3 ngày</p>
</div>",vac-xin-quimi-hib,https://vnvc.vn/wp-content/uploads/2021/02/vac-xin-quimi-hib.jpg,C.I.G.B (Cu Ba),Các bệnh do HIB,385000
Huyết thanh uốn ván,"<p style=""text-align: justify;""><span style=""font-weight: 400;"">Huyết thanh uốn ván SAT được dùng để phòng ngừa uốn ván ở người vừa mới bị vết thương có thể nhiễm bào tử uốn ván, bao gồm những người không tiêm ngừa uốn ván trong 10 năm gần đây, hoặc không nhớ rõ lịch tiêm uốn ván.&nbsp;</span></p>","<p style=""text-align: justify;""><span style=""font-weight: 400;"">Huyết thanh uốn ván SAT được chỉ định tiêm bắp.</span></p>","<div class=""content_item_list""><p><span style=""font-weight: 400;"">Huyết thanh Uốn ván SAT được dùng để dự phòng bệnh uốn ván trong trường hợp bị các vết thương, vết cắn súc vật. Điều trị bệnh nhân bị bệnh uốn ván (khi đã có triệu chứng bệnh).</span></p>
</div>","<div class=""content_item_list""><p><span style=""font-weight: 400;"">Huyết thanh Uốn ván SAT có độ an toàn cao. Tuy nhiên, những người có cơ địa dị ứng, người dùng huyết thanh nhiều lần thường có nguy cơ phản ứng dị ứng với huyết thanh như nổi mề đay, ngứa phù, viêm thận, trường hợp nặng có thể bị choáng, sốc phản vệ.</span></p>
<p><span style=""font-weight: 400;"">Biểu hiện dị ứng có thể xảy ra ngay tức thời sau khi dùng huyết thanh, sau vài giờ hoặc 7 đến 10 ngày sau khi tiêm.</span></p>
</div>",huyet-thanh-uon-van-sat,https://vnvc.vn/wp-content/uploads/2021/02/huyet-thanh-uon-van-SAT.jpg,IVAC (Việt Nam),Uốn ván,245000
Vắc xin GCFLU Quadrivalent phòng Cúm mùa,"<p style=""text-align: justify;""><span style=""font-weight: 400;"">Vắc xin GCFlu Quadrivalent được chỉ định để phòng ngừa bệnh cúm mùa do virus cúm thuộc 2 chủng cúm A (H1N1, H3N2) và 2 chủng cúm B (Victoria và Yamagata).</span></p>","<p style=""text-align: justify;""><span style=""font-weight: 400;"">Đường dùng: Tiêm bắp.</span></p>","<div class=""content_item_list""><p><span style=""font-weight: 400;"">GC FLU Quadrivalent (Hàn Quốc) dành cho trẻ từ 6 tháng tuổi trở lên và người lớn.</span></p>
</div>","<div class=""content_item_list""><p style=""text-align: justify;""><span style=""font-weight: 400;"">Vắc xin GCFlu Quadrivalent là vắc xin có độ an toàn cao. Tuy nhiên, sau khi tiêm vắc xin phòng bệnh cúm, người tiêm hay gặp những phản ứng nhẹ, không kéo dài và không cần điều trị đặc biệt. Đó là sự đáp ứng miễn dịch của cơ thể. Cụ thể như sau:</span></p>
<ul>
<li style=""font-weight: 400; text-align: justify;"" aria-level=""1"">Tại chỗ tiêm: đau, đỏ, sưng</li>
<li style=""font-weight: 400; text-align: justify;"" aria-level=""1"">Toàn thân: sốt,mệt mỏi, đau đầu</li>
</ul>
</div>",gcflu-quadrivalent,https://vnvc.vn/wp-content/uploads/2021/12/GCFlu-Quadrivalent.jpg,,,
Vắc xin Varivax,"<p style=""text-align: justify;""><span style=""font-weight: 400;"">Vắc xin Varivax tạo miễn dịch chủ động phòng bệnh Thủy đậu do virus Varicella Zoster gây ra.</span></p>","<p style=""text-align: justify;""><span style=""font-weight: 400;"">Vắc xin Varivax được chỉ định tiêm dưới da. Liều đơn 0.5ml</span></p>","<div class=""content_item_list""><p style=""text-align: justify;""><span style=""font-weight: 400;"">Vắc xin Varivax là vắc xin dạng đông khô của virus thủy đậu (varicella) sống giảm độc lực, được chỉ định phòng thủy đậu cho các đối tượng từ 12 tháng tuổi trở lên.</span></p>
</div>","<div class=""content_item_list""><p style=""text-align: justify;""><b><i>Sau khi tiêm vắc xin thủy đậu về thì bé có sốt không?</i></b></p>
<p style=""text-align: justify;""><span style=""font-weight: 400;"">Sau khi tiêm vắc xin phòng bệnh thủy đậu, người tiêm hay gặp những phản ứng nhẹ, không kéo dài và không cần điều trị đặc biệt. Đó là sự đáp ứng miễn dịch của cơ thể. Cụ thể như sau:</span></p>
<ul style=""text-align: justify;"">
<li style=""font-weight: 400;"" aria-level=""1""><span style=""font-weight: 400;"">Tại chỗ tiêm: phát ban dạng thủy đậu, đau, đỏ, sưng.</span></li>
<li style=""font-weight: 400;"" aria-level=""1""><span style=""font-weight: 400;"">Toàn thân: sốt</span></li>
</ul>
<p style=""text-align: justify;""><b>Lưu ý:</b><span style=""font-weight: 400;""> Cần tránh dùng chế phẩm chứa Salicylate (Aspirin hoặc các chế phẩm bôi, dán giảm đau) trong ít nhất 6 tuần sau khi tiêm.</span></p>
</div>",varivax-vac-xin-phong-thuy-dau,https://vnvc.vn/wp-content/uploads/2017/04/vac-xin-varivax.jpg,MSD (Mỹ),Thủy đậu,1085000
Vắc xin Varicella,"<p style=""text-align: justify;""><span style=""font-weight: 400;"">Vắc xin Varicella tạo miễn dịch dịch chủ động phòng bệnh thủy đậu do virus Varicella Zoster gây ra.</span></p>","<ul style=""text-align: justify;"">
<li style=""font-weight: 400;"" aria-level=""1""><span style=""font-weight: 400;"">Vắc xin phải được sử dụng ngay không quá 30 phút sau khi hoàn nguyên với nước hồi chỉnh cung cấp.</span></li>
<li style=""font-weight: 400;"" aria-level=""1""><span style=""font-weight: 400;"">Tiêm dưới da. Liều đơn 0.5ml</span></li>
</ul>","<div class=""content_item_list""><p style=""text-align: justify;""><span style=""font-weight: 400;"">Vắc xin Varicella là vắc xin dạng đông khô của virus thủy đậu (varicella) sống giảm độc lực, được chỉ định phòng thủy đậu cho trẻ từ 12 tháng tuổi trở lên và người lớn.</span></p>
</div>","<div class=""content_item_list""><p style=""text-align: justify;""><b>Sau khi tiêm vắc xin thủy đậu về thì bé có sốt không?</b></p>
<p style=""text-align: justify;""><span style=""font-weight: 400;"">Sau khi tiêm vắc xin phòng bệnh thủy đậu, người tiêm hay gặp những phản ứng nhẹ, không kéo dài và không cần điều trị đặc biệt. Đó là sự đáp ứng miễn dịch của cơ thể. Cụ thể như sau:</span></p>
<ul style=""text-align: justify;"">
<li style=""font-weight: 400;"" aria-level=""1""><span style=""font-weight: 400;"">Tại chỗ tiêm: phát ban dạng thủy đậu, đau, đỏ, sưng.</span></li>
<li style=""font-weight: 400;"" aria-level=""1""><span style=""font-weight: 400;"">Toàn thân: sốt</span></li>
</ul>
<p style=""text-align: justify;""><span style=""font-weight: 400;"">Lưu ý: Cần tránh dùng chế phẩm chứa Salicylate (Aspirin hoặc các chế phẩm bôi, dán giảm đau) trong ít nhất 6 tuần sau khi tiêm.</span></p>
</div>",vac-xin-varicella,https://vnvc.vn/wp-content/uploads/2021/02/vac-xin-varicella-1.jpg,Green Cross (Hàn Quốc),Thủy đậu,700000
Vắc xin Measles – Mumps – Rubella,"<p style=""text-align: justify;"">Sởi là bệnh truyền nhiễm cấp tính do virus Paramyxoviridae gây ra, có thể gây viêm tai giữa , viêm thanh quản, viêm phế quản – phổi, viêm màng não,…</p>","<p style=""text-align: justify;"">Vắc xin được tiêm theo đường tiêm dưới da sâu ở vị trí mặt trước bên đùi đối với trẻ nhỏ và vị trí bắp tay đối với trẻ lớn hơn.</p>","<div class=""content_item_list""><p style=""text-align: justify;"">Tạo miễn dịch chủ động phòng bệnh sởi, quai bị và rubella ở trẻ em từ 12 tháng tuổi đến 10 tuổi.</p>
</div>",,vac-xin-mmr,https://vnvc.vn/wp-content/uploads/2022/06/MMR.jpg,,,
Vắc xin Infranrix IPV + Hib,"<p style=""text-align: justify;""><span style=""font-weight: 400;"">Vắc xin Infanrix IPV+Hib l</span><span style=""font-weight: 400;"">à vắc xin kết hợp phòng được 5 loại bệnh trong 1 mũi tiêm, bao gồm: Ho gà, bạch hầu, uốn ván, bại liệt và các bệnh viêm phổi, viêm màng não mủ do H. Influenzae týp B (Hib). Tích hợp trong một loại vắc xin, </span><span style=""font-weight: 400;"">Infanrix IPV+Hib </span><span style=""font-weight: 400;"">giúp giảm số mũi tiêm, đồng nghĩa với việc hạn chế đau đớn cho bé khi phải tiêm quá nhiều.&nbsp;</span></p>","<p style=""text-align: justify;""><span style=""font-weight: 400;"">Vắc xin Infanrix IPV+Hib được chỉ định tiêm bắp sâu (ở mặt trước-bên đùi).&nbsp;</span></p>","<div class=""content_item_list""><p style=""text-align: justify;""><span style=""font-weight: 400;"">Vắc xin Infanrix IPV+Hib được chỉ định tiêm cho trẻ từ 2 tháng tuổi </span><span style=""font-weight: 400;"">đến trước sinh nhật 5 tuổi phòng 5 bệnh: bạch hầu, ho gà, uốn ván, bại liệt và các bệnh do Hib.</span></p>
</div>","<div class=""content_item_list""><p style=""text-align: justify;""><span style=""font-weight: 400;"">Không cần điều kiện đặc biệt nào trước tiêm vắc xin 5 trong 1 Infanrix IPV+Hib. Quý khách có thể sắp xếp đến <a href=""https://vnvc.vn/"" target=""_blank"" rel=""noopener"">Trung tâm VNVC</a> để bác sĩ thăm khám và chỉ định mũi tiêm phù hợp.</span></p>
</div>",vac-xin-5-trong-1-infanrix-ipv-hib,https://vnvc.vn/wp-content/uploads/2021/06/vac-xin-Infanrix-IPV-Hib.jpg,,,
Vắc xin Engerix B,"<p style=""text-align: justify;""><span style=""font-weight: 400;"">Vắc xin Engerix B phòng bệnh do virus viêm gan B – loại virus này có thể lây truyền qua đường máu, qua quan hệ tình dục và từ mẹ truyền sang con</span><b>.</b></p>","<p style=""text-align: justify;""><span style=""font-weight: 400;"">Engerix B được chỉ định tiêm bắp (vùng cơ delta). Ngoại lệ với những bệnh nhân bị rối loạn chảy máu hay giảm tiểu cầu có thể tiêm dưới da.</span></p>","<div class=""content_item_list""><p style=""text-align: justify;""><span style=""font-weight: 400;"">Vắc xin Engerix B </span><b>10mcg/0.5ml</b><span style=""font-weight: 400;""> phòng ngừa viêm gan B được dùng để chủng ngừa cho trẻ sơ sinh đến dưới 20 tuổi.</span></p>
<p style=""text-align: justify;""><span style=""font-weight: 400;"">Vắc xin Engerix B </span><b>20mcg/1ml</b><span style=""font-weight: 400;""> phòng ngừa viêm gan B được dùng để chủng ngừa cho người từ 20 tuổi trở lên.</span></p>
</div>","<div class=""content_item_list""><p style=""text-align: justify;""><b><i>Sau khi tiêm Viêm gan B thì người tiêm có sốt không?</i></b></p>
<p style=""text-align: justify;""><span style=""font-weight: 400;"">Sau khi tiêm viêm gan B, người tiêm có thể gặp những phản ứng nhẹ, không kéo dài và không cần điều trị đặc biệt. Đó là sự đáp ứng miễn dịch của cơ thể. Cụ thể:</span></p>
<ul>
<li style=""font-weight: 400; text-align: justify;"" aria-level=""1"">Tại chỗ tiêm: đau, sưng nhẹ.</li>
<li style=""font-weight: 400; text-align: justify;"" aria-level=""1"">Toàn thân: sốt nhẹ, trẻ quấy khóc.</li>
<li style=""font-weight: 400; text-align: justify;"" aria-level=""1"">Các triệu chứng thường hết sau vài giờ đến 1-2 ngày.</li>
</ul>
</div>",engerix-b-vac-xin-phong-viem-gan-b,https://vnvc.vn/wp-content/uploads/2017/04/vac-xin-engerix-b.jpg,,,
Vắc xin Euvax B,"<p style=""text-align: justify;""><span style=""font-weight: 400;"">Vắc xin Euvax B phòng bệnh do virus viêm gan B – loại virus này có thể lây truyền qua đường máu, qua quan hệ tình dục và từ mẹ truyền sang con</span><b>.</b></p>","<ul style=""text-align: justify;"">
<li style=""font-weight: 400;"" aria-level=""1""><span style=""font-weight: 400;"">Euvax B chỉ dùng đường tiêm bắp, không nên tiêm ở vùng mông, và không được tiêm tĩnh mạch.</span></li>
<li style=""font-weight: 400;"" aria-level=""1""><span style=""font-weight: 400;"">Phải lắc kỹ trước khi dùng, bởi vì trong quá trình bảo quản vắc xin có thể trở thành dạng chất lắng trắng mịn với dịch nổi bên trên trong suốt không màu.</span></li>
</ul>","<div class=""content_item_list""><ul>
<li style=""font-weight: 400; text-align: justify;"" aria-level=""1""><span style=""font-weight: 400;"">Vắc xin Euvax B 0.5ml phòng ngừa viêm gan B được dùng để chủng ngừa cho trẻ sơ sinh đến dưới 16 tuổi.</span></li>
<li style=""font-weight: 400; text-align: justify;"" aria-level=""1""><span style=""font-weight: 400;"">Vắc xin Euvax B 1ml phòng ngừa viêm gan B được dùng để chủng ngừa cho người từ 16 tuổi trở lên.</span></li>
</ul>
</div>","<div class=""content_item_list""><p style=""text-align: justify;""><b><i>Sau khi tiêm Viêm gan B thì bé có sốt không?</i></b></p>
<p style=""text-align: justify;""><span style=""font-weight: 400;"">Sau khi tiêm Viêm gan B, người tiêm có thể gặp những phản ứng nhẹ, không kéo dài và không cần điều trị đặc biệt. Đó là sự đáp ứng miễn dịch của cơ thể. Cụ thể như sau:</span></p>
<ul>
<li style=""font-weight: 400; text-align: justify;"" aria-level=""1"">Tại chỗ tiêm: đau, sưng nhẹ.</li>
<li style=""font-weight: 400; text-align: justify;"" aria-level=""1"">Toàn thân: sốt nhẹ, trẻ quấy khóc.</li>
<li style=""font-weight: 400; text-align: justify;"" aria-level=""1"">Các triệu chứng thường hết sau vài giờ đến 1-2 ngày.</li>
</ul>
</div>",vac-xin-euvax-b,https://vnvc.vn/wp-content/uploads/2021/02/EUVAX.jpg,,,
Vắc xin Jevax,"<p><span style=""font-weight: 400;"">Jevax là <a href=""https://vnvc.vn/vac-xin-viem-nao-nhat-ban/"" target=""_blank"" rel=""noopener"">vắc xin phòng viêm não Nhật Bản</a> được chỉ định cho trẻ em từ 12 tháng tuổi trở lên và người lớn.</span></p>","<ul>
<li style=""font-weight: 400;"" aria-level=""1""><span style=""font-weight: 400;"">Tiêm dưới da.</span></li>
</ul>","<div class=""content_item_list""><p><span style=""font-weight: 400;"">Jevax là vắc xin được chỉ định để phòng viêm não Nhật bản cho trẻ em từ 12 tháng tuổi trở lên và người lớn.</span></p>
</div>","<div class=""content_item_list""><p><strong><i>Sau khi tiêm vắc xin Jevax về thì có sốt không?</i></strong></p>
<p><span style=""font-weight: 400;"">Sau khi tiêm vắc xin phòng bệnh Viêm não Nhật Bản B, người tiêm hay gặp những phản ứng nhẹ, không kéo dài và không cần điều trị đặc biệt. Đó là sự đáp ứng miễn dịch của cơ thể. Cụ thể như sau:</span></p>
<ul>
<li style=""font-weight: 400;"" aria-level=""1"">Tại chỗ tiêm: đau, sưng, đỏ.</li>
<li style=""font-weight: 400;"" aria-level=""1"">Toàn thân: mệt mỏi, đau đầu, sốt</li>
</ul>
</div>",jevax-vac-xin-phong-viem-nao-nhat-ban-b,https://vnvc.vn/wp-content/uploads/2017/04/JEVAX.jpg,Vabiotech (Việt Nam),Viêm não Nhật Bản,198000
Vắc xin Typhoid VI,"<p style=""text-align: justify;""><span style=""font-weight: 400;"">Vắc xin Typhoid VI phòng ngừa bệnh Thương hàn (bệnh về đường tiêu hóa) gây ra bởi vi khuẩn thương hàn (Salmonella typhi) cho trẻ từ trên 2 tuổi và người lớn.&nbsp;</span></p>","<ul style=""text-align: justify;"">
<li style=""font-weight: 400;"" aria-level=""1""><span style=""font-weight: 400;"">Vắc xin phòng bệnh thương hàn Typhoid Vi được chỉ định tiêm dưới da hoặc tiêm bắp với liều 0.5ml.</span></li>
</ul>","<div class=""content_item_list""><p style=""text-align: justify;""><span style=""font-weight: 400;"">Vắc xin thương hàn được chỉ định cho trẻ từ trên 2 tuổi (2 tuổi 1 ngày) trở lên và người lớn.</span></p>
</div>","<div class=""content_item_list""><p style=""text-align: justify;""><span style=""font-weight: 400;"">Sau khi tiêm vắc xin phòng vắc xin thương hàn, người tiêm thường gặp những phản ứng nhẹ, không kéo dài và không cần điều trị đặc biệt. Đó là sự đáp ứng miễn dịch của cơ thể. Cụ thể như sau:</span></p>
<ul>
<li style=""font-weight: 400; text-align: justify;"" aria-level=""1"">Phản ứng tại chỗ: sưng, đau, có quầng đỏ tại vết tiêm.</li>
<li style=""font-weight: 400; text-align: justify;"" aria-level=""1"">Phản ứng toàn thân: sốt, đau đầu, đau khớp</li>
</ul>
</div>",typhoid-vi-polysaccharide-vi-vac-xin-phong-benh-thuong-han,https://vnvc.vn/wp-content/uploads/2019/12/vac-xin-Typhoid-Vi.jpg,Pasteur Đà Lạt (Việt Nam),Thương hàn,265000
Vắc xin STAMARIL phòng bệnh sốt vàng,"<p><span style=""font-weight: 400;""><strong>Vắc xin Stamaril</strong> là vắc xin duy nhất cung cấp miễn dịch bảo vệ hiệu quả cao và tạo miễn dịch chủ động suốt đời khỏi virus thuộc họ Flaviviridae gây bệnh Sốt vàng nguy hiểm.&nbsp;</span></p>",,"<div class=""content_item_list""><p><span style=""font-weight: 400;"">Vắc xin Stamaril được chỉ định tiêm cho trẻ từ 9 tháng tuổi </span><span style=""font-weight: 400;"">đến người lớn 60 tuổi phòng bệnh sốt vàng.</span></p>
</div>","<div class=""content_item_list""><p><span style=""font-weight: 400;"">Vắc xin Stamaril có độ an toàn cao. Tuy nhiên, sau khi tiêm vắc xin, người tiêm có thể có cảm giác buồn nôn, nôn và các triệu chứng hiếm gặp: đau đầu, đau bụng, tiêu chảy, sốt… Các triệu chứng này tự khỏi mà không cần điều trị.</span></p>
</div>",stamaril-vac-xin-phong-benh-sot-vang,https://vnvc.vn/wp-content/uploads/2019/07/STAMARIL-vacxin-phong-benh-sot-vang.jpg,Sanofi (Pháp),Sốt vàng,650000
